ISO-10303-21;
HEADER;
/* Generated by software containing ST-Developer
 * from STEP Tools, Inc. (www.steptools.com) 
 */

FILE_DESCRIPTION(
/* description */ (''),
/* implementation_level */ '2;1');

FILE_NAME(
/* name */ 'Model-Demo.step',
/* time_stamp */ '2026-06-11T00:36:04-04:00',
/* author */ (''),
/* organization */ (''),
/* preprocessor_version */ 'ST-DEVELOPER v20.1',
/* originating_system */ 'Autodesk Translation Framework v15.8.0.0',
/* authorisation */ '');

FILE_SCHEMA (('AUTOMOTIVE_DESIGN { 1 0 10303 214 3 1 1 }'));
ENDSEC;

DATA;
#10=MECHANICAL_DESIGN_GEOMETRIC_PRESENTATION_REPRESENTATION('',(#13),#3135);
#11=SHAPE_REPRESENTATION_RELATIONSHIP('SRR','None',#3142,#12);
#12=ADVANCED_BREP_SHAPE_REPRESENTATION('',(#14),#3134);
#13=STYLED_ITEM('',(#3151),#14);
#14=MANIFOLD_SOLID_BREP('Body1',#1335);
#15=FACE_BOUND('',#145,.T.);
#16=FACE_BOUND('',#192,.T.);
#17=FACE_BOUND('',#211,.T.);
#18=FACE_BOUND('',#212,.T.);
#19=PLANE('',#1352);
#20=PLANE('',#1359);
#21=PLANE('',#1367);
#22=PLANE('',#1369);
#23=PLANE('',#1371);
#24=PLANE('',#1373);
#25=PLANE('',#1375);
#26=PLANE('',#1376);
#27=PLANE('',#1377);
#28=PLANE('',#1378);
#29=PLANE('',#1379);
#30=PLANE('',#1380);
#31=PLANE('',#1381);
#32=PLANE('',#1382);
#33=PLANE('',#1383);
#34=PLANE('',#1384);
#35=PLANE('',#1385);
#36=PLANE('',#1386);
#37=B_SPLINE_SURFACE_WITH_KNOTS('',3,1,((#1572,#1573),(#1574,#1575),(#1576,
#1577),(#1578,#1579),(#1580,#1581),(#1582,#1583),(#1584,#1585),(#1586,#1587),
(#1588,#1589),(#1590,#1591),(#1592,#1593),(#1594,#1595),(#1596,#1597),(#1598,
#1599),(#1600,#1601)),.UNSPECIFIED.,.F.,.F.,.F.,(4,2,2,2,2,3,4),(2,2),(0.,
1.,2.,3.,4.,5.,5.5007606471222),(-1.74678932986112,2.74278932986112),
 .UNSPECIFIED.);
#38=B_SPLINE_SURFACE_WITH_KNOTS('',3,1,((#1666,#1667),(#1668,#1669),(#1670,
#1671),(#1672,#1673),(#1674,#1675),(#1676,#1677),(#1678,#1679),(#1680,#1681),
(#1682,#1683),(#1684,#1685),(#1686,#1687),(#1688,#1689),(#1690,#1691),(#1692,
#1693),(#1694,#1695),(#1696,#1697),(#1698,#1699),(#1700,#1701),(#1702,#1703)),
 .UNSPECIFIED.,.T.,.F.,.F.,(4,3,3,3,3,3,4),(2,2),(-4.29523959805744,-4.04488423283836,
-4.,-3.,-2.,-1.,-0.29523959805744),(-1.77278932986112,2.71678932986112),
 .UNSPECIFIED.);
#39=B_SPLINE_SURFACE_WITH_KNOTS('',3,1,((#1831,#1832),(#1833,#1834),(#1835,
#1836),(#1837,#1838),(#1839,#1840),(#1841,#1842),(#1843,#1844),(#1845,#1846),
(#1847,#1848),(#1849,#1850)),.UNSPECIFIED.,.T.,.F.,.F.,(4,3,3,4),(2,2),
(0.860591774822156,1.,2.,2.86059177482216),(-1.77278932986112,2.71678932986112),
 .UNSPECIFIED.);
#40=B_SPLINE_SURFACE_WITH_KNOTS('',3,1,((#1915,#1916),(#1917,#1918),(#1919,
#1920),(#1921,#1922),(#1923,#1924),(#1925,#1926)),.UNSPECIFIED.,.F.,.F.,
 .F.,(4,2,4),(2,2),(14.5474254841692,15.,16.),(0.,0.55),.UNSPECIFIED.);
#41=B_SPLINE_SURFACE_WITH_KNOTS('',3,1,((#1937,#1938),(#1939,#1940),(#1941,
#1942),(#1943,#1944),(#1945,#1946),(#1947,#1948),(#1949,#1950),(#1951,#1952),
(#1953,#1954),(#1955,#1956),(#1957,#1958),(#1959,#1960)),.UNSPECIFIED.,
 .F.,.F.,.F.,(4,2,2,2,2,4),(2,2),(11.,12.,13.,14.,15.,16.),(-1.48022855810235,
2.52422855810235),.UNSPECIFIED.);
#42=B_SPLINE_SURFACE_WITH_KNOTS('',3,1,((#2064,#2065),(#2066,#2067),(#2068,
#2069),(#2070,#2071),(#2072,#2073),(#2074,#2075),(#2076,#2077),(#2078,#2079),
(#2080,#2081),(#2082,#2083),(#2084,#2085),(#2086,#2087)),.UNSPECIFIED.,
 .F.,.F.,.F.,(4,2,2,2,2,4),(2,2),(6.,7.,8.,9.,10.,11.),(-1.48022855810235,
2.52422855810235),.UNSPECIFIED.);
#43=B_SPLINE_SURFACE_WITH_KNOTS('',3,1,((#2175,#2176),(#2177,#2178),(#2179,
#2180),(#2181,#2182),(#2183,#2184),(#2185,#2186),(#2187,#2188),(#2189,#2190),
(#2191,#2192),(#2193,#2194)),.UNSPECIFIED.,.T.,.F.,.F.,(4,3,3,4),(2,2),
(-0.0599080785854997,0.,1.,1.9400919214145),(-0.882331320350155,1.88233132035016),
 .UNSPECIFIED.);
#44=B_SPLINE_SURFACE_WITH_KNOTS('',3,1,((#2249,#2250),(#2251,#2252),(#2253,
#2254),(#2255,#2256),(#2257,#2258),(#2259,#2260)),.UNSPECIFIED.,.F.,.F.,
 .F.,(4,2,4),(2,2),(9.86837603838428,10.,11.),(0.,0.53),.UNSPECIFIED.);
#45=B_SPLINE_SURFACE_WITH_KNOTS('',3,1,((#2460,#2461),(#2462,#2463),(#2464,
#2465),(#2466,#2467),(#2468,#2469),(#2470,#2471),(#2472,#2473),(#2474,#2475),
(#2476,#2477),(#2478,#2479),(#2480,#2481),(#2482,#2483)),.UNSPECIFIED.,
 .F.,.F.,.F.,(4,2,2,2,2,4),(2,2),(0.,1.,2.,3.,4.,5.),(-0.321677735845908,
1.53207773584591),.UNSPECIFIED.);
#46=B_SPLINE_SURFACE_WITH_KNOTS('',3,1,((#2526,#2527),(#2528,#2529),(#2530,
#2531),(#2532,#2533),(#2534,#2535),(#2536,#2537),(#2538,#2539),(#2540,#2541),
(#2542,#2543),(#2544,#2545)),.UNSPECIFIED.,.T.,.F.,.F.,(4,3,3,4),(2,2),
(0.0872230166376647,1.,2.,2.08722301663766),(-1.36728626248655,2.45149678880234),
 .UNSPECIFIED.);
#47=B_SPLINE_SURFACE_WITH_KNOTS('',3,1,((#2590,#2591),(#2592,#2593),(#2594,
#2595),(#2596,#2597),(#2598,#2599),(#2600,#2601),(#2602,#2603),(#2604,#2605),
(#2606,#2607),(#2608,#2609)),.UNSPECIFIED.,.F.,.F.,.F.,(4,3,3,4),(2,2),
(-3.47715320066492,-3.,-2.,-1.92492101453853),(0.,0.42),.UNSPECIFIED.);
#48=B_SPLINE_SURFACE_WITH_KNOTS('',3,1,((#2630,#2631),(#2632,#2633),(#2634,
#2635),(#2636,#2637),(#2638,#2639),(#2640,#2641),(#2642,#2643)),
 .UNSPECIFIED.,.F.,.F.,.F.,(4,3,4),(2,2),(0.729269889597075,1.,1.46820381185208),
(0.,0.42),.UNSPECIFIED.);
#49=B_SPLINE_SURFACE_WITH_KNOTS('',3,1,((#2651,#2652),(#2653,#2654),(#2655,
#2656),(#2657,#2658),(#2659,#2660),(#2661,#2662),(#2663,#2664),(#2665,#2666),
(#2667,#2668),(#2669,#2670)),.UNSPECIFIED.,.F.,.F.,.F.,(4,2,2,2,4),(2,2),
(17.,18.,19.,20.,21.),(-1.74678932986112,2.74278932986112),
 .UNSPECIFIED.);
#50=B_SPLINE_SURFACE_WITH_KNOTS('',3,1,((#2690,#2691),(#2692,#2693),(#2694,
#2695),(#2696,#2697),(#2698,#2699),(#2700,#2701),(#2702,#2703)),
 .UNSPECIFIED.,.F.,.F.,.F.,(4,3,4),(2,2),(-1.23552996911958,-1.,-0.0159153035995275),
(0.,0.48),.UNSPECIFIED.);
#51=B_SPLINE_SURFACE_WITH_KNOTS('',3,1,((#2757,#2758),(#2759,#2760),(#2761,
#2762),(#2763,#2764)),.UNSPECIFIED.,.F.,.F.,.F.,(4,4),(2,2),(3.,4.),(0.,
0.55),.UNSPECIFIED.);
#52=B_SPLINE_SURFACE_WITH_KNOTS('',3,1,((#2771,#2772),(#2773,#2774),(#2775,
#2776),(#2777,#2778)),.UNSPECIFIED.,.F.,.F.,.F.,(4,4),(2,2),(4.,5.),(0.,
0.55),.UNSPECIFIED.);
#53=B_SPLINE_SURFACE_WITH_KNOTS('',3,1,((#2785,#2786),(#2787,#2788),(#2789,
#2790),(#2791,#2792)),.UNSPECIFIED.,.F.,.F.,.F.,(4,4),(2,2),(0.,1.),(0.,
0.55),.UNSPECIFIED.);
#54=B_SPLINE_SURFACE_WITH_KNOTS('',3,1,((#2799,#2800),(#2801,#2802),(#2803,
#2804),(#2805,#2806)),.UNSPECIFIED.,.F.,.F.,.F.,(4,4),(2,2),(7.,8.),(0.,
0.55),.UNSPECIFIED.);
#55=B_SPLINE_SURFACE_WITH_KNOTS('',3,1,((#2815,#2816),(#2817,#2818),(#2819,
#2820),(#2821,#2822),(#2823,#2824),(#2825,#2826)),.UNSPECIFIED.,.F.,.F.,
 .F.,(4,2,4),(2,2),(6.,7.,7.45394408304873),(0.,0.55),.UNSPECIFIED.);
#56=B_SPLINE_SURFACE_WITH_KNOTS('',3,1,((#2848,#2849),(#2850,#2851),(#2852,
#2853),(#2854,#2855)),.UNSPECIFIED.,.F.,.F.,.F.,(4,4),(2,2),(4.21810581903491,
5.),(0.,0.55),.UNSPECIFIED.);
#57=B_SPLINE_SURFACE_WITH_KNOTS('',3,1,((#2865,#2866),(#2867,#2868),(#2869,
#2870),(#2871,#2872),(#2873,#2874),(#2875,#2876),(#2877,#2878)),
 .UNSPECIFIED.,.F.,.F.,.F.,(4,3,4),(2,2),(1.79150550909957,2.,2.32129450943194),
(0.,0.48),.UNSPECIFIED.);
#58=B_SPLINE_SURFACE_WITH_KNOTS('',3,1,((#2894,#2895),(#2896,#2897),(#2898,
#2899),(#2900,#2901),(#2902,#2903),(#2904,#2905),(#2906,#2907),(#2908,#2909),
(#2910,#2911),(#2912,#2913),(#2914,#2915),(#2916,#2917),(#2918,#2919),(#2920,
#2921),(#2922,#2923),(#2924,#2925)),.UNSPECIFIED.,.T.,.F.,.F.,(4,3,3,3,
3,4),(2,2),(-3.13297128085201,-3.,-2.,-1.,0.,0.867028719147991),(-1.3672862624865,
2.45149678880239),.UNSPECIFIED.);
#59=B_SPLINE_SURFACE_WITH_KNOTS('',3,1,((#2937,#2938),(#2939,#2940),(#2941,
#2942),(#2943,#2944),(#2945,#2946),(#2947,#2948),(#2949,#2950),(#2951,#2952),
(#2953,#2954),(#2955,#2956)),.UNSPECIFIED.,.F.,.F.,.F.,(4,2,2,2,4),(2,2),
(17.,18.,19.,20.,21.),(-0.32167773584599,1.53207773584583),
 .UNSPECIFIED.);
#60=B_SPLINE_SURFACE_WITH_KNOTS('',3,1,((#2970,#2971),(#2972,#2973),(#2974,
#2975),(#2976,#2977)),.UNSPECIFIED.,.F.,.F.,.F.,(4,4),(2,2),(0.,0.991638262328109),
(0.,0.53),.UNSPECIFIED.);
#61=B_SPLINE_SURFACE_WITH_KNOTS('',3,1,((#2984,#2985),(#2986,#2987),(#2988,
#2989),(#2990,#2991)),.UNSPECIFIED.,.F.,.F.,.F.,(4,4),(2,2),(20.0091330252961,
21.),(0.,0.53),.UNSPECIFIED.);
#62=B_SPLINE_SURFACE_WITH_KNOTS('',3,1,((#2996,#2997),(#2998,#2999),(#3000,
#3001),(#3002,#3003),(#3004,#3005),(#3006,#3007)),.UNSPECIFIED.,.F.,.F.,
 .F.,(4,2,4),(2,2),(11.,12.,12.1316239616194),(0.,0.53),.UNSPECIFIED.);
#63=B_SPLINE_SURFACE_WITH_KNOTS('',3,1,((#3014,#3015),(#3016,#3017),(#3018,
#3019),(#3020,#3021),(#3022,#3023),(#3024,#3025),(#3026,#3027),(#3028,#3029),
(#3030,#3031),(#3032,#3033),(#3034,#3035),(#3036,#3037),(#3038,#3039),(#3040,
#3041),(#3042,#3043),(#3044,#3045)),.UNSPECIFIED.,.T.,.F.,.F.,(4,3,3,3,
3,4),(2,2),(-1.65913124790971,-1.,0.,1.,2.,2.34086875209029),(-0.882331320350156,
1.88233132035016),.UNSPECIFIED.);
#64=B_SPLINE_SURFACE_WITH_KNOTS('',3,1,((#3075,#3076),(#3077,#3078),(#3079,
#3080),(#3081,#3082)),.UNSPECIFIED.,.F.,.F.,.F.,(4,4),(2,2),(-4.,-3.),(0.,
0.55),.UNSPECIFIED.);
#65=B_SPLINE_SURFACE_WITH_KNOTS('',3,1,((#3087,#3088),(#3089,#3090),(#3091,
#3092),(#3093,#3094)),.UNSPECIFIED.,.F.,.F.,.F.,(4,4),(2,2),(-1.,0.),(0.,
0.55),.UNSPECIFIED.);
#66=B_SPLINE_SURFACE_WITH_KNOTS('',3,1,((#3096,#3097),(#3098,#3099),(#3100,
#3101),(#3102,#3103)),.UNSPECIFIED.,.F.,.F.,.F.,(4,4),(2,2),(-5.,-4.),(0.,
0.55),.UNSPECIFIED.);
#67=B_SPLINE_SURFACE_WITH_KNOTS('',3,1,((#3107,#3108),(#3109,#3110),(#3111,
#3112),(#3113,#3114)),.UNSPECIFIED.,.F.,.F.,.F.,(4,4),(2,2),(-8.,-7.),(0.,
0.55),.UNSPECIFIED.);
#68=B_SPLINE_SURFACE_WITH_KNOTS('',3,1,((#3115,#3116),(#3117,#3118),(#3119,
#3120),(#3121,#3122)),.UNSPECIFIED.,.F.,.F.,.F.,(4,4),(2,2),(17.,17.9215361656981),
(0.,0.55),.UNSPECIFIED.);
#69=FACE_OUTER_BOUND('',#139,.T.);
#70=FACE_OUTER_BOUND('',#140,.T.);
#71=FACE_OUTER_BOUND('',#141,.T.);
#72=FACE_OUTER_BOUND('',#142,.T.);
#73=FACE_OUTER_BOUND('',#143,.T.);
#74=FACE_OUTER_BOUND('',#144,.T.);
#75=FACE_OUTER_BOUND('',#146,.T.);
#76=FACE_OUTER_BOUND('',#147,.T.);
#77=FACE_OUTER_BOUND('',#148,.T.);
#78=FACE_OUTER_BOUND('',#149,.T.);
#79=FACE_OUTER_BOUND('',#150,.T.);
#80=FACE_OUTER_BOUND('',#151,.T.);
#81=FACE_OUTER_BOUND('',#152,.T.);
#82=FACE_OUTER_BOUND('',#153,.T.);
#83=FACE_OUTER_BOUND('',#154,.T.);
#84=FACE_OUTER_BOUND('',#155,.T.);
#85=FACE_OUTER_BOUND('',#156,.T.);
#86=FACE_OUTER_BOUND('',#157,.T.);
#87=FACE_OUTER_BOUND('',#158,.T.);
#88=FACE_OUTER_BOUND('',#159,.T.);
#89=FACE_OUTER_BOUND('',#160,.T.);
#90=FACE_OUTER_BOUND('',#161,.T.);
#91=FACE_OUTER_BOUND('',#162,.T.);
#92=FACE_OUTER_BOUND('',#163,.T.);
#93=FACE_OUTER_BOUND('',#164,.T.);
#94=FACE_OUTER_BOUND('',#165,.T.);
#95=FACE_OUTER_BOUND('',#166,.T.);
#96=FACE_OUTER_BOUND('',#167,.T.);
#97=FACE_OUTER_BOUND('',#168,.T.);
#98=FACE_OUTER_BOUND('',#169,.T.);
#99=FACE_OUTER_BOUND('',#170,.T.);
#100=FACE_OUTER_BOUND('',#171,.T.);
#101=FACE_OUTER_BOUND('',#172,.T.);
#102=FACE_OUTER_BOUND('',#173,.T.);
#103=FACE_OUTER_BOUND('',#174,.T.);
#104=FACE_OUTER_BOUND('',#175,.T.);
#105=FACE_OUTER_BOUND('',#176,.T.);
#106=FACE_OUTER_BOUND('',#177,.T.);
#107=FACE_OUTER_BOUND('',#178,.T.);
#108=FACE_OUTER_BOUND('',#179,.T.);
#109=FACE_OUTER_BOUND('',#180,.T.);
#110=FACE_OUTER_BOUND('',#181,.T.);
#111=FACE_OUTER_BOUND('',#182,.T.);
#112=FACE_OUTER_BOUND('',#183,.T.);
#113=FACE_OUTER_BOUND('',#184,.T.);
#114=FACE_OUTER_BOUND('',#185,.T.);
#115=FACE_OUTER_BOUND('',#186,.T.);
#116=FACE_OUTER_BOUND('',#187,.T.);
#117=FACE_OUTER_BOUND('',#188,.T.);
#118=FACE_OUTER_BOUND('',#189,.T.);
#119=FACE_OUTER_BOUND('',#190,.T.);
#120=FACE_OUTER_BOUND('',#191,.T.);
#121=FACE_OUTER_BOUND('',#193,.T.);
#122=FACE_OUTER_BOUND('',#194,.T.);
#123=FACE_OUTER_BOUND('',#195,.T.);
#124=FACE_OUTER_BOUND('',#196,.T.);
#125=FACE_OUTER_BOUND('',#197,.T.);
#126=FACE_OUTER_BOUND('',#198,.T.);
#127=FACE_OUTER_BOUND('',#199,.T.);
#128=FACE_OUTER_BOUND('',#200,.T.);
#129=FACE_OUTER_BOUND('',#201,.T.);
#130=FACE_OUTER_BOUND('',#202,.T.);
#131=FACE_OUTER_BOUND('',#203,.T.);
#132=FACE_OUTER_BOUND('',#204,.T.);
#133=FACE_OUTER_BOUND('',#205,.T.);
#134=FACE_OUTER_BOUND('',#206,.T.);
#135=FACE_OUTER_BOUND('',#207,.T.);
#136=FACE_OUTER_BOUND('',#208,.T.);
#137=FACE_OUTER_BOUND('',#209,.T.);
#138=FACE_OUTER_BOUND('',#210,.T.);
#139=EDGE_LOOP('',(#837,#838,#839,#840,#841));
#140=EDGE_LOOP('',(#842,#843,#844,#845,#846,#847,#848,#849));
#141=EDGE_LOOP('',(#850,#851,#852,#853));
#142=EDGE_LOOP('',(#854,#855,#856,#857,#858,#859,#860,#861,#862,#863));
#143=EDGE_LOOP('',(#864,#865,#866,#867,#868));
#144=EDGE_LOOP('',(#869,#870,#871,#872,#873,#874));
#145=EDGE_LOOP('',(#875,#876,#877,#878,#879,#880));
#146=EDGE_LOOP('',(#881,#882,#883,#884,#885,#886,#887,#888,#889,#890));
#147=EDGE_LOOP('',(#891,#892,#893,#894));
#148=EDGE_LOOP('',(#895,#896,#897,#898,#899));
#149=EDGE_LOOP('',(#900,#901,#902,#903,#904));
#150=EDGE_LOOP('',(#905,#906,#907,#908,#909,#910,#911,#912));
#151=EDGE_LOOP('',(#913,#914,#915,#916));
#152=EDGE_LOOP('',(#917,#918,#919,#920,#921));
#153=EDGE_LOOP('',(#922,#923,#924,#925));
#154=EDGE_LOOP('',(#926,#927,#928,#929,#930,#931,#932,#933));
#155=EDGE_LOOP('',(#934,#935,#936,#937,#938));
#156=EDGE_LOOP('',(#939,#940,#941,#942,#943,#944,#945,#946,#947,#948));
#157=EDGE_LOOP('',(#949,#950,#951,#952,#953,#954,#955,#956));
#158=EDGE_LOOP('',(#957,#958,#959,#960));
#159=EDGE_LOOP('',(#961,#962,#963,#964,#965));
#160=EDGE_LOOP('',(#966,#967,#968,#969,#970));
#161=EDGE_LOOP('',(#971,#972,#973,#974));
#162=EDGE_LOOP('',(#975,#976,#977,#978));
#163=EDGE_LOOP('',(#979,#980,#981,#982));
#164=EDGE_LOOP('',(#983,#984,#985,#986));
#165=EDGE_LOOP('',(#987,#988,#989,#990));
#166=EDGE_LOOP('',(#991,#992,#993,#994));
#167=EDGE_LOOP('',(#995,#996,#997,#998));
#168=EDGE_LOOP('',(#999,#1000,#1001,#1002));
#169=EDGE_LOOP('',(#1003,#1004,#1005,#1006));
#170=EDGE_LOOP('',(#1007,#1008,#1009,#1010,#1011,#1012,#1013,#1014,#1015));
#171=EDGE_LOOP('',(#1016,#1017,#1018,#1019));
#172=EDGE_LOOP('',(#1020,#1021,#1022,#1023));
#173=EDGE_LOOP('',(#1024,#1025,#1026,#1027,#1028,#1029,#1030,#1031,#1032,
#1033));
#174=EDGE_LOOP('',(#1034,#1035,#1036,#1037));
#175=EDGE_LOOP('',(#1038,#1039,#1040,#1041));
#176=EDGE_LOOP('',(#1042,#1043,#1044,#1045,#1046,#1047));
#177=EDGE_LOOP('',(#1048,#1049,#1050,#1051,#1052,#1053));
#178=EDGE_LOOP('',(#1054,#1055,#1056,#1057,#1058,#1059,#1060,#1061));
#179=EDGE_LOOP('',(#1062,#1063,#1064,#1065,#1066,#1067));
#180=EDGE_LOOP('',(#1068,#1069,#1070,#1071));
#181=EDGE_LOOP('',(#1072,#1073,#1074,#1075,#1076,#1077));
#182=EDGE_LOOP('',(#1078,#1079,#1080,#1081));
#183=EDGE_LOOP('',(#1082,#1083,#1084,#1085));
#184=EDGE_LOOP('',(#1086,#1087,#1088,#1089));
#185=EDGE_LOOP('',(#1090,#1091,#1092,#1093));
#186=EDGE_LOOP('',(#1094,#1095,#1096,#1097));
#187=EDGE_LOOP('',(#1098,#1099,#1100,#1101));
#188=EDGE_LOOP('',(#1102,#1103,#1104,#1105,#1106));
#189=EDGE_LOOP('',(#1107,#1108,#1109,#1110));
#190=EDGE_LOOP('',(#1111,#1112,#1113,#1114,#1115));
#191=EDGE_LOOP('',(#1116,#1117,#1118,#1119,#1120,#1121));
#192=EDGE_LOOP('',(#1122,#1123,#1124,#1125,#1126,#1127));
#193=EDGE_LOOP('',(#1128,#1129,#1130,#1131,#1132,#1133));
#194=EDGE_LOOP('',(#1134,#1135,#1136,#1137));
#195=EDGE_LOOP('',(#1138,#1139,#1140,#1141,#1142,#1143,#1144,#1145,#1146,
#1147));
#196=EDGE_LOOP('',(#1148,#1149,#1150,#1151,#1152,#1153,#1154,#1155,#1156));
#197=EDGE_LOOP('',(#1157,#1158,#1159,#1160,#1161));
#198=EDGE_LOOP('',(#1162,#1163,#1164,#1165,#1166));
#199=EDGE_LOOP('',(#1167,#1168,#1169,#1170,#1171));
#200=EDGE_LOOP('',(#1172,#1173,#1174,#1175,#1176,#1177,#1178,#1179));
#201=EDGE_LOOP('',(#1180,#1181,#1182,#1183,#1184,#1185));
#202=EDGE_LOOP('',(#1186,#1187,#1188,#1189));
#203=EDGE_LOOP('',(#1190,#1191,#1192,#1193));
#204=EDGE_LOOP('',(#1194,#1195,#1196,#1197));
#205=EDGE_LOOP('',(#1198,#1199,#1200,#1201));
#206=EDGE_LOOP('',(#1202,#1203,#1204,#1205));
#207=EDGE_LOOP('',(#1206,#1207,#1208,#1209));
#208=EDGE_LOOP('',(#1210,#1211,#1212,#1213,#1214));
#209=EDGE_LOOP('',(#1215,#1216,#1217,#1218));
#210=EDGE_LOOP('',(#1219,#1220,#1221,#1222,#1223,#1224,#1225,#1226,#1227,
#1228,#1229,#1230,#1231,#1232,#1233,#1234));
#211=EDGE_LOOP('',(#1235,#1236,#1237,#1238,#1239));
#212=EDGE_LOOP('',(#1240,#1241,#1242,#1243,#1244));
#213=LINE('',#1554,#293);
#214=LINE('',#1567,#294);
#215=LINE('',#1644,#295);
#216=LINE('',#1656,#296);
#217=LINE('',#1665,#297);
#218=LINE('',#1731,#298);
#219=LINE('',#1741,#299);
#220=LINE('',#1772,#300);
#221=LINE('',#1785,#301);
#222=LINE('',#1793,#302);
#223=LINE('',#1802,#303);
#224=LINE('',#1814,#304);
#225=LINE('',#1826,#305);
#226=LINE('',#1864,#306);
#227=LINE('',#1871,#307);
#228=LINE('',#1900,#308);
#229=LINE('',#1910,#309);
#230=LINE('',#1928,#310);
#231=LINE('',#1936,#311);
#232=LINE('',#1988,#312);
#233=LINE('',#1998,#313);
#234=LINE('',#2001,#314);
#235=LINE('',#2014,#315);
#236=LINE('',#2063,#316);
#237=LINE('',#2089,#317);
#238=LINE('',#2100,#318);
#239=LINE('',#2129,#319);
#240=LINE('',#2138,#320);
#241=LINE('',#2146,#321);
#242=LINE('',#2158,#322);
#243=LINE('',#2165,#323);
#244=LINE('',#2218,#324);
#245=LINE('',#2225,#325);
#246=LINE('',#2231,#326);
#247=LINE('',#2248,#327);
#248=LINE('',#2268,#328);
#249=LINE('',#2279,#329);
#250=LINE('',#2326,#330);
#251=LINE('',#2338,#331);
#252=LINE('',#2366,#332);
#253=LINE('',#2392,#333);
#254=LINE('',#2393,#334);
#255=LINE('',#2416,#335);
#256=LINE('',#2425,#336);
#257=LINE('',#2451,#337);
#258=LINE('',#2494,#338);
#259=LINE('',#2517,#339);
#260=LINE('',#2567,#340);
#261=LINE('',#2578,#341);
#262=LINE('',#2622,#342);
#263=LINE('',#2672,#343);
#264=LINE('',#2683,#344);
#265=LINE('',#2724,#345);
#266=LINE('',#2729,#346);
#267=LINE('',#2741,#347);
#268=LINE('',#2753,#348);
#269=LINE('',#2755,#349);
#270=LINE('',#2756,#350);
#271=LINE('',#2766,#351);
#272=LINE('',#2780,#352);
#273=LINE('',#2798,#353);
#274=LINE('',#2812,#354);
#275=LINE('',#2814,#355);
#276=LINE('',#2835,#356);
#277=LINE('',#2844,#357);
#278=LINE('',#2846,#358);
#279=LINE('',#2847,#359);
#280=LINE('',#2932,#360);
#281=LINE('',#2965,#361);
#282=LINE('',#2983,#362);
#283=LINE('',#3063,#363);
#284=LINE('',#3074,#364);
#285=LINE('',#3083,#365);
#286=LINE('',#3084,#366);
#287=LINE('',#3086,#367);
#288=LINE('',#3095,#368);
#289=LINE('',#3104,#369);
#290=LINE('',#3106,#370);
#291=LINE('',#3124,#371);
#292=LINE('',#3130,#372);
#293=VECTOR('',#1391,10.);
#294=VECTOR('',#1392,10.);
#295=VECTOR('',#1393,10.);
#296=VECTOR('',#1394,10.);
#297=VECTOR('',#1397,32.);
#298=VECTOR('',#1398,10.);
#299=VECTOR('',#1399,10.);
#300=VECTOR('',#1402,10.);
#301=VECTOR('',#1403,10.);
#302=VECTOR('',#1406,10.);
#303=VECTOR('',#1407,10.);
#304=VECTOR('',#1408,10.);
#305=VECTOR('',#1409,10.);
#306=VECTOR('',#1410,10.);
#307=VECTOR('',#1411,10.);
#308=VECTOR('',#1414,32.);
#309=VECTOR('',#1417,10.);
#310=VECTOR('',#1418,10.);
#311=VECTOR('',#1419,10.);
#312=VECTOR('',#1420,10.);
#313=VECTOR('',#1423,48.);
#314=VECTOR('',#1426,10.);
#315=VECTOR('',#1427,10.);
#316=VECTOR('',#1430,48.);
#317=VECTOR('',#1431,10.);
#318=VECTOR('',#1432,10.);
#319=VECTOR('',#1435,10.);
#320=VECTOR('',#1436,10.);
#321=VECTOR('',#1439,10.);
#322=VECTOR('',#1440,10.);
#323=VECTOR('',#1441,10.);
#324=VECTOR('',#1442,10.);
#325=VECTOR('',#1443,10.);
#326=VECTOR('',#1446,32.);
#327=VECTOR('',#1449,10.);
#328=VECTOR('',#1450,10.);
#329=VECTOR('',#1453,32.);
#330=VECTOR('',#1456,10.);
#331=VECTOR('',#1459,6.);
#332=VECTOR('',#1462,10.);
#333=VECTOR('',#1465,10.);
#334=VECTOR('',#1466,10.);
#335=VECTOR('',#1471,10.);
#336=VECTOR('',#1472,10.);
#337=VECTOR('',#1477,9.);
#338=VECTOR('',#1478,10.);
#339=VECTOR('',#1483,9.);
#340=VECTOR('',#1484,10.);
#341=VECTOR('',#1487,6.);
#342=VECTOR('',#1490,10.);
#343=VECTOR('',#1491,10.);
#344=VECTOR('',#1492,10.);
#345=VECTOR('',#1493,10.);
#346=VECTOR('',#1498,10.);
#347=VECTOR('',#1499,10.);
#348=VECTOR('',#1502,10.);
#349=VECTOR('',#1503,10.);
#350=VECTOR('',#1504,10.);
#351=VECTOR('',#1505,10.);
#352=VECTOR('',#1506,10.);
#353=VECTOR('',#1507,10.);
#354=VECTOR('',#1508,10.);
#355=VECTOR('',#1511,10.);
#356=VECTOR('',#1512,10.);
#357=VECTOR('',#1515,10.);
#358=VECTOR('',#1516,10.);
#359=VECTOR('',#1517,10.);
#360=VECTOR('',#1522,10.);
#361=VECTOR('',#1523,10.);
#362=VECTOR('',#1524,10.);
#363=VECTOR('',#1527,10.);
#364=VECTOR('',#1528,10.);
#365=VECTOR('',#1529,10.);
#366=VECTOR('',#1530,10.);
#367=VECTOR('',#1533,10.);
#368=VECTOR('',#1534,10.);
#369=VECTOR('',#1535,10.);
#370=VECTOR('',#1538,10.);
#371=VECTOR('',#1539,10.);
#372=VECTOR('',#1542,10.);
#373=B_SPLINE_CURVE_WITH_KNOTS('',3,(#1549,#1550,#1551,#1552),
 .UNSPECIFIED.,.F.,.F.,(4,4),(-0.352502569331686,-0.21465055863091),
 .UNSPECIFIED.);
#374=B_SPLINE_CURVE_WITH_KNOTS('',3,(#1556,#1557,#1558,#1559,#1560,#1561,
#1562,#1563,#1564,#1565),.UNSPECIFIED.,.F.,.F.,(4,2,2,2,4),(-1.23403958063751,
-1.20849396530705,-1.11210728671879,-0.955246481374868,-0.860315376663702),
 .UNSPECIFIED.);
#375=B_SPLINE_CURVE_WITH_KNOTS('',3,(#1568,#1569,#1570,#1571),
 .UNSPECIFIED.,.F.,.F.,(4,4),(-0.188656407683103,0.),.UNSPECIFIED.);
#376=B_SPLINE_CURVE_WITH_KNOTS('',3,(#1603,#1604,#1605,#1606,#1607,#1608,
#1609,#1610,#1611,#1612,#1613,#1614,#1615),.UNSPECIFIED.,.F.,.F.,(4,3,3,
3,4),(-0.685450652179983,-0.488119880214436,-0.374968358194884,-0.255200967093611,
-0.190771540018932),.UNSPECIFIED.);
#377=B_SPLINE_CURVE_WITH_KNOTS('',3,(#1617,#1618,#1619,#1620,#1621,#1622,
#1623,#1624),.UNSPECIFIED.,.F.,.F.,(4,2,2,4),(1.99011516900082,2.,3.,3.54232281100357),
 .UNSPECIFIED.);
#378=B_SPLINE_CURVE_WITH_KNOTS('',3,(#1626,#1627,#1628,#1629,#1630,#1631,
#1632,#1633,#1634,#1635),.UNSPECIFIED.,.F.,.F.,(4,2,2,2,4),(-4.77356661775314,
-4.42983437683314,-4.11125025674313,-3.92397196807847,-3.78903688466891),
 .UNSPECIFIED.);
#379=B_SPLINE_CURVE_WITH_KNOTS('',3,(#1637,#1638,#1639,#1640,#1641,#1642),
 .UNSPECIFIED.,.F.,.F.,(4,2,4),(-0.36637617942637,-0.34694672654927,0.),
 .UNSPECIFIED.);
#380=B_SPLINE_CURVE_WITH_KNOTS('',3,(#1646,#1647,#1648,#1649,#1650,#1651,
#1652,#1653,#1654,#1655),.UNSPECIFIED.,.F.,.F.,(4,2,2,2,4),(1.77383155930753,
2.,3.,4.,4.21810581903483),.UNSPECIFIED.);
#381=B_SPLINE_CURVE_WITH_KNOTS('',3,(#1659,#1660,#1661,#1662,#1663,#1664),
 .UNSPECIFIED.,.F.,.F.,(4,2,4),(-0.744081635580776,-0.422207061271117,0.),
 .UNSPECIFIED.);
#382=B_SPLINE_CURVE_WITH_KNOTS('',3,(#1705,#1706,#1707,#1708),
 .UNSPECIFIED.,.F.,.F.,(4,4),(-3.910987129453,-3.53108922998946),
 .UNSPECIFIED.);
#383=B_SPLINE_CURVE_WITH_KNOTS('',3,(#1710,#1711,#1712,#1713,#1714,#1715,
#1716,#1717),.UNSPECIFIED.,.F.,.F.,(4,2,2,4),(-2.43509748886696,-2.20326936155218,
-1.96535348266301,-1.93575213686036),.UNSPECIFIED.);
#384=B_SPLINE_CURVE_WITH_KNOTS('',3,(#1719,#1720,#1721,#1722,#1723,#1724),
 .UNSPECIFIED.,.F.,.F.,(4,2,4),(-0.784138246314114,-0.25853469679765,-0.184635175172947),
 .UNSPECIFIED.);
#385=B_SPLINE_CURVE_WITH_KNOTS('',3,(#1726,#1727,#1728,#1729),
 .UNSPECIFIED.,.F.,.F.,(4,4),(-0.29523958805744,-0.0159153035995275),
 .UNSPECIFIED.);
#386=B_SPLINE_CURVE_WITH_KNOTS('',3,(#1733,#1734,#1735,#1736,#1737,#1738,
#1739),.UNSPECIFIED.,.F.,.F.,(4,3,4),(3.47715320066492,4.,4.01591530359953),
 .UNSPECIFIED.);
#387=B_SPLINE_CURVE_WITH_KNOTS('',3,(#1742,#1743,#1744,#1745),
 .UNSPECIFIED.,.F.,.F.,(4,4),(-3.47715320066492,-3.22193747210603),
 .UNSPECIFIED.);
#388=B_SPLINE_CURVE_WITH_KNOTS('',3,(#1749,#1750,#1751,#1752,#1753,#1754,
#1755,#1756,#1757,#1758,#1759,#1760,#1761,#1762,#1763,#1764,#1765,#1766,
#1767,#1768,#1769,#1770),.UNSPECIFIED.,.F.,.F.,(4,3,3,3,3,3,3,4),(-2.63202707256715,
-2.59383087770803,-2.51713312268615,-2.44182356327058,-2.42508901512944,
-2.35072767860175,-2.31579810226802,-2.284509685744),.UNSPECIFIED.);
#389=B_SPLINE_CURVE_WITH_KNOTS('',3,(#1774,#1775,#1776,#1777),
 .UNSPECIFIED.,.F.,.F.,(4,4),(-0.242293025638258,0.),.UNSPECIFIED.);
#390=B_SPLINE_CURVE_WITH_KNOTS('',3,(#1779,#1780,#1781,#1782,#1783,#1784),
 .UNSPECIFIED.,.F.,.F.,(4,2,4),(-1.27259721020304,-1.12346069078953,-1.06969327889889),
 .UNSPECIFIED.);
#391=B_SPLINE_CURVE_WITH_KNOTS('',3,(#1788,#1789,#1790,#1791),
 .UNSPECIFIED.,.F.,.F.,(4,4),(1.50635216059329,1.74376087169992),
 .UNSPECIFIED.);
#392=B_SPLINE_CURVE_WITH_KNOTS('',3,(#1795,#1796,#1797,#1798,#1799,#1800),
 .UNSPECIFIED.,.F.,.F.,(4,2,4),(14.8740786263055,15.,16.),.UNSPECIFIED.);
#393=B_SPLINE_CURVE_WITH_KNOTS('',3,(#1803,#1804,#1805,#1806),
 .UNSPECIFIED.,.F.,.F.,(4,4),(17.,17.6941135770485),.UNSPECIFIED.);
#394=B_SPLINE_CURVE_WITH_KNOTS('',3,(#1809,#1810,#1811,#1812),
 .UNSPECIFIED.,.F.,.F.,(4,4),(-8.,-7.),.UNSPECIFIED.);
#395=B_SPLINE_CURVE_WITH_KNOTS('',3,(#1816,#1817,#1818,#1819),
 .UNSPECIFIED.,.F.,.F.,(4,4),(-5.,-4.),.UNSPECIFIED.);
#396=B_SPLINE_CURVE_WITH_KNOTS('',3,(#1821,#1822,#1823,#1824),
 .UNSPECIFIED.,.F.,.F.,(4,4),(-4.,-3.),.UNSPECIFIED.);
#397=B_SPLINE_CURVE_WITH_KNOTS('',3,(#1827,#1828,#1829,#1830),
 .UNSPECIFIED.,.F.,.F.,(4,4),(-1.,0.),.UNSPECIFIED.);
#398=B_SPLINE_CURVE_WITH_KNOTS('',3,(#1852,#1853,#1854,#1855,#1856,#1857),
 .UNSPECIFIED.,.F.,.F.,(4,2,4),(-0.945290529133876,-0.515058642457424,-0.16998227436311),
 .UNSPECIFIED.);
#399=B_SPLINE_CURVE_WITH_KNOTS('',3,(#1859,#1860,#1861,#1862),
 .UNSPECIFIED.,.F.,.F.,(4,4),(1.31257594353831,1.46820381185208),
 .UNSPECIFIED.);
#400=B_SPLINE_CURVE_WITH_KNOTS('',3,(#1866,#1867,#1868,#1869),
 .UNSPECIFIED.,.F.,.F.,(4,4),(1.46820381185208,1.79150550909758),
 .UNSPECIFIED.);
#401=B_SPLINE_CURVE_WITH_KNOTS('',3,(#1873,#1874,#1875,#1876),
 .UNSPECIFIED.,.F.,.F.,(4,4),(1.79150550909957,1.92402953022983),
 .UNSPECIFIED.);
#402=B_SPLINE_CURVE_WITH_KNOTS('',3,(#1878,#1879,#1880,#1881,#1882,#1883),
 .UNSPECIFIED.,.F.,.F.,(4,2,4),(-0.701630472710719,-0.501848437256864,0.),
 .UNSPECIFIED.);
#403=B_SPLINE_CURVE_WITH_KNOTS('',3,(#1884,#1885,#1886,#1887,#1888,#1889,
#1890,#1891),.UNSPECIFIED.,.F.,.F.,(4,2,2,4),(-1.14656154636609,-1.12675991529532,
-0.895259714645752,-0.715981596399992),.UNSPECIFIED.);
#404=B_SPLINE_CURVE_WITH_KNOTS('',3,(#1894,#1895,#1896,#1897,#1898,#1899),
 .UNSPECIFIED.,.F.,.F.,(4,2,4),(-0.860409947015601,-0.623356249579504,0.),
 .UNSPECIFIED.);
#405=B_SPLINE_CURVE_WITH_KNOTS('',3,(#1903,#1904,#1905,#1906,#1907,#1908),
 .UNSPECIFIED.,.F.,.F.,(4,2,4),(-0.865164286114305,-0.721818233070482,-0.657175881949356),
 .UNSPECIFIED.);
#406=B_SPLINE_CURVE_WITH_KNOTS('',3,(#1911,#1912,#1913,#1914),
 .UNSPECIFIED.,.F.,.F.,(4,4),(-0.16128665737748,0.),.UNSPECIFIED.);
#407=B_SPLINE_CURVE_WITH_KNOTS('',3,(#1930,#1931,#1932,#1933,#1934,#1935),
 .UNSPECIFIED.,.F.,.F.,(4,2,4),(14.5474254841692,15.,16.),.UNSPECIFIED.);
#408=B_SPLINE_CURVE_WITH_KNOTS('',3,(#1962,#1963,#1964,#1965,#1966,#1967),
 .UNSPECIFIED.,.F.,.F.,(4,2,4),(-0.610881595260027,-0.270089541415933,-0.164362265899003),
 .UNSPECIFIED.);
#409=B_SPLINE_CURVE_WITH_KNOTS('',3,(#1969,#1970,#1971,#1972,#1973,#1974),
 .UNSPECIFIED.,.F.,.F.,(4,2,4),(12.5553133579737,13.,13.9357463288783),
 .UNSPECIFIED.);
#410=B_SPLINE_CURVE_WITH_KNOTS('',3,(#1976,#1977,#1978,#1979,#1980,#1981),
 .UNSPECIFIED.,.F.,.F.,(4,2,4),(-0.435410449305574,-0.316578535767988,0.),
 .UNSPECIFIED.);
#411=B_SPLINE_CURVE_WITH_KNOTS('',3,(#1983,#1984,#1985,#1986),
 .UNSPECIFIED.,.F.,.F.,(4,4),(-3.50147111035712,-3.20127134920881),
 .UNSPECIFIED.);
#412=B_SPLINE_CURVE_WITH_KNOTS('',3,(#1989,#1990,#1991,#1992,#1993,#1994,
#1995,#1996),.UNSPECIFIED.,.F.,.F.,(4,2,2,4),(12.1316239616194,13.,14.,
14.5474254841692),.UNSPECIFIED.);
#413=B_SPLINE_CURVE_WITH_KNOTS('',3,(#2003,#2004,#2005,#2006),
 .UNSPECIFIED.,.F.,.F.,(4,4),(-0.287873888718595,0.),.UNSPECIFIED.);
#414=B_SPLINE_CURVE_WITH_KNOTS('',3,(#2008,#2009,#2010,#2011,#2012,#2013),
 .UNSPECIFIED.,.F.,.F.,(4,2,4),(-2.2847045608221,-2.09120677274222,-2.03155830665718),
 .UNSPECIFIED.);
#415=B_SPLINE_CURVE_WITH_KNOTS('',3,(#2017,#2018,#2019,#2020,#2021,#2022,
#2023,#2024,#2025,#2026,#2027,#2028,#2029,#2030,#2031,#2032,#2033,#2034,
#2035,#2036,#2037,#2038,#2039,#2040,#2041,#2042,#2043,#2044,#2045,#2046,
#2047,#2048,#2049,#2050,#2051,#2052,#2053,#2054,#2055,#2056,#2057,#2058,
#2059,#2060,#2061,#2062),.UNSPECIFIED.,.F.,.F.,(4,3,3,3,3,3,3,3,3,3,3,3,
3,3,3,4),(-0.810703581857194,-0.714547004607569,-0.623866259077167,-0.618390427357945,
-0.551670953321117,-0.487960756838217,-0.426698090573622,-0.367176625476348,
-0.309360300353574,-0.252203393711799,-0.19577201102769,-0.151765282484225,
-0.10678501084468,-0.0608507607760839,-0.013485402207612,0.),
 .UNSPECIFIED.);
#416=B_SPLINE_CURVE_WITH_KNOTS('',3,(#2091,#2092,#2093,#2094,#2095,#2096,
#2097,#2098),.UNSPECIFIED.,.F.,.F.,(4,2,2,4),(7.45394408304873,8.,9.,9.86837603838064),
 .UNSPECIFIED.);
#417=B_SPLINE_CURVE_WITH_KNOTS('',3,(#2102,#2103,#2104,#2105),
 .UNSPECIFIED.,.F.,.F.,(4,4),(-0.123078748067447,0.),.UNSPECIFIED.);
#418=B_SPLINE_CURVE_WITH_KNOTS('',3,(#2107,#2108,#2109,#2110,#2111,#2112),
 .UNSPECIFIED.,.F.,.F.,(4,2,4),(-0.454347114381777,-0.213789271339335,-0.12473088947799),
 .UNSPECIFIED.);
#419=B_SPLINE_CURVE_WITH_KNOTS('',3,(#2113,#2114,#2115,#2116,#2117,#2118),
 .UNSPECIFIED.,.F.,.F.,(4,2,4),(8.06425367112172,9.,9.44468664202626),
 .UNSPECIFIED.);
#420=B_SPLINE_CURVE_WITH_KNOTS('',3,(#2122,#2123,#2124,#2125,#2126,#2127),
 .UNSPECIFIED.,.F.,.F.,(4,2,4),(-0.924860946223749,-0.837551597394286,-0.597745974568694),
 .UNSPECIFIED.);
#421=B_SPLINE_CURVE_WITH_KNOTS('',3,(#2130,#2131,#2132,#2133,#2134,#2135,
#2136,#2137),.UNSPECIFIED.,.F.,.F.,(4,2,2,4),(-0.177692504278717,-0.162556891766869,
-0.130172140255645,0.),.UNSPECIFIED.);
#422=B_SPLINE_CURVE_WITH_KNOTS('',3,(#2141,#2142,#2143,#2144),
 .UNSPECIFIED.,.F.,.F.,(4,4),(0.35386356970624,0.4097009526276),
 .UNSPECIFIED.);
#423=B_SPLINE_CURVE_WITH_KNOTS('',3,(#2148,#2149,#2150,#2151),
 .UNSPECIFIED.,.F.,.F.,(4,4),(20.5835033711089,21.),.UNSPECIFIED.);
#424=B_SPLINE_CURVE_WITH_KNOTS('',3,(#2153,#2154,#2155,#2156),
 .UNSPECIFIED.,.F.,.F.,(4,4),(0.,0.417447569056702),.UNSPECIFIED.);
#425=B_SPLINE_CURVE_WITH_KNOTS('',3,(#2160,#2161,#2162,#2163),
 .UNSPECIFIED.,.F.,.F.,(4,4),(-1.3802927371344,-1.29279913659373),
 .UNSPECIFIED.);
#426=B_SPLINE_CURVE_WITH_KNOTS('',3,(#2167,#2168,#2169,#2170),
 .UNSPECIFIED.,.F.,.F.,(4,4),(10.1472618277043,11.),.UNSPECIFIED.);
#427=B_SPLINE_CURVE_WITH_KNOTS('',3,(#2171,#2172,#2173,#2174),
 .UNSPECIFIED.,.F.,.F.,(4,4),(11.,11.8527381722957),.UNSPECIFIED.);
#428=B_SPLINE_CURVE_WITH_KNOTS('',3,(#2196,#2197,#2198,#2199,#2200,#2201,
#2202,#2203,#2204,#2205,#2206,#2207,#2208,#2209,#2210,#2211),
 .UNSPECIFIED.,.F.,.F.,(4,3,3,3,3,4),(-0.615271168828446,-0.498993234443826,
-0.38605841390039,-0.318444195063747,-0.184185465906466,-0.142238262615814),
 .UNSPECIFIED.);
#429=B_SPLINE_CURVE_WITH_KNOTS('',3,(#2213,#2214,#2215,#2216),
 .UNSPECIFIED.,.F.,.F.,(4,4),(2.21861969681236,2.32129450943194),
 .UNSPECIFIED.);
#430=B_SPLINE_CURVE_WITH_KNOTS('',3,(#2220,#2221,#2222,#2223),
 .UNSPECIFIED.,.F.,.F.,(4,4),(0.321294509431945,0.458571559708278),
 .UNSPECIFIED.);
#431=B_SPLINE_CURVE_WITH_KNOTS('',3,(#2226,#2227,#2228,#2229),
 .UNSPECIFIED.,.F.,.F.,(4,4),(0.4097009526276,0.458571559708194),
 .UNSPECIFIED.);
#432=B_SPLINE_CURVE_WITH_KNOTS('',3,(#2233,#2234,#2235,#2236,#2237,#2238,
#2239,#2240),.UNSPECIFIED.,.F.,.F.,(4,2,2,4),(-1.13590131118383,-0.77587906082462,
-0.630577527763275,-0.609610947348465),.UNSPECIFIED.);
#433=B_SPLINE_CURVE_WITH_KNOTS('',3,(#2242,#2243,#2244,#2245,#2246,#2247),
 .UNSPECIFIED.,.F.,.F.,(4,2,4),(-0.595422227997703,-0.548099398544062,-0.377576486192053),
 .UNSPECIFIED.);
#434=B_SPLINE_CURVE_WITH_KNOTS('',3,(#2262,#2263,#2264,#2265,#2266,#2267),
 .UNSPECIFIED.,.F.,.F.,(4,2,4),(9.86837603838064,10.,11.),.UNSPECIFIED.);
#435=B_SPLINE_CURVE_WITH_KNOTS('',3,(#2271,#2272,#2273,#2274,#2275,#2276,
#2277,#2278),.UNSPECIFIED.,.F.,.F.,(4,2,2,4),(-0.43147052131939,-0.39566661348143,
-0.228487469220062,0.),.UNSPECIFIED.);
#436=B_SPLINE_CURVE_WITH_KNOTS('',3,(#2282,#2283,#2284,#2285,#2286,#2287,
#2288,#2289,#2290,#2291,#2292,#2293,#2294,#2295,#2296,#2297,#2298,#2299,
#2300,#2301,#2302,#2303,#2304,#2305,#2306,#2307,#2308,#2309,#2310,#2311,
#2312),.UNSPECIFIED.,.F.,.F.,(4,3,3,3,3,3,3,3,3,3,4),(-1.31249677704052,
-1.25367002643661,-1.24786874283648,-1.18205623432642,-1.1196166640267,
-1.11624372581636,-1.05699215562156,-1.00022464513514,-0.945706044418957,
-0.940103867804491,-0.899989663435874),.UNSPECIFIED.);
#437=B_SPLINE_CURVE_WITH_KNOTS('',3,(#2314,#2315,#2316,#2317,#2318,#2319,
#2320,#2321,#2322,#2323,#2324,#2325),.UNSPECIFIED.,.F.,.F.,(4,2,2,2,2,4),
(-3.36634809444699,-3.34314012524966,-3.20774593701805,-3.05977794121572,
-2.90333440257717,-2.68297799540289),.UNSPECIFIED.);
#438=B_SPLINE_CURVE_WITH_KNOTS('',3,(#2329,#2330,#2331,#2332,#2333,#2334,
#2335,#2336),.UNSPECIFIED.,.F.,.F.,(4,2,2,4),(-0.611511357799246,-0.377876785327225,
-0.141492002393231,0.),.UNSPECIFIED.);
#439=B_SPLINE_CURVE_WITH_KNOTS('',3,(#2339,#2340,#2341,#2342,#2343,#2344,
#2345,#2346,#2347,#2348,#2349,#2350),.UNSPECIFIED.,.F.,.F.,(4,2,2,2,2,4),
(-0.816665040310983,-0.735320000906644,-0.647915838525102,-0.476219110633364,
-0.237072125769088,-0.205398838506946),.UNSPECIFIED.);
#440=B_SPLINE_CURVE_WITH_KNOTS('',3,(#2353,#2354,#2355,#2356,#2357,#2358,
#2359,#2360,#2361,#2362,#2363,#2364),.UNSPECIFIED.,.F.,.F.,(4,2,2,2,2,4),
(-1.61180019015984,-1.56492592907569,-1.4912204748694,-1.37223374123485,
-1.2233804960663,-1.20621992438748),.UNSPECIFIED.);
#441=B_SPLINE_CURVE_WITH_KNOTS('',3,(#2367,#2368,#2369,#2370,#2371,#2372,
#2373,#2374,#2375,#2376,#2377,#2378),.UNSPECIFIED.,.F.,.F.,(4,2,2,2,2,4),
(-1.19013070265793,-1.18121639561526,-0.86757159526278,-0.630833461362683,
-0.361359481895753,-0.200951509005385),.UNSPECIFIED.);
#442=B_SPLINE_CURVE_WITH_KNOTS('',3,(#2382,#2383,#2384,#2385,#2386,#2387,
#2388,#2389,#2390,#2391),.UNSPECIFIED.,.F.,.F.,(4,2,2,2,4),(-2.19946927320549,
-2.15159821425962,-1.97754738508255,-1.75863517210874,-1.47932889653477),
 .UNSPECIFIED.);
#443=B_SPLINE_CURVE_WITH_KNOTS('',3,(#2395,#2396,#2397,#2398,#2399,#2400,
#2401),.UNSPECIFIED.,.F.,.F.,(4,3,4),(-3.22193747210603,-3.,-2.14509992880926),
 .UNSPECIFIED.);
#444=B_SPLINE_CURVE_WITH_KNOTS('',3,(#2405,#2406,#2407,#2408,#2409,#2410,
#2411,#2412,#2413,#2414),.UNSPECIFIED.,.F.,.F.,(4,2,2,2,4),(-2.29180030543398,
-2.22648156174938,-2.10567848451037,-1.89161575752148,-1.68207606091121),
 .UNSPECIFIED.);
#445=B_SPLINE_CURVE_WITH_KNOTS('',3,(#2418,#2419,#2420,#2421,#2422,#2423,
#2424),.UNSPECIFIED.,.F.,.F.,(4,3,4),(-2.38891042848738,-1.98063074196695,
-1.78265985252133),.UNSPECIFIED.);
#446=B_SPLINE_CURVE_WITH_KNOTS('',3,(#2427,#2428,#2429,#2430,#2431,#2432,
#2433),.UNSPECIFIED.,.F.,.F.,(4,3,4),(0.828966639442447,1.,1.31257594353831),
 .UNSPECIFIED.);
#447=B_SPLINE_CURVE_WITH_KNOTS('',3,(#2434,#2435,#2436,#2437,#2438,#2439),
 .UNSPECIFIED.,.F.,.F.,(4,2,4),(18.3030644508635,19.,19.1376029009621),
 .UNSPECIFIED.);
#448=B_SPLINE_CURVE_WITH_KNOTS('',3,(#2442,#2443,#2444,#2445,#2446,#2447,
#2448,#2449),.UNSPECIFIED.,.F.,.F.,(4,2,2,4),(-0.799267653511215,-0.665067280793137,
-0.305086092028183,0.),.UNSPECIFIED.);
#449=B_SPLINE_CURVE_WITH_KNOTS('',3,(#2452,#2453,#2454,#2455,#2456,#2457,
#2458,#2459),.UNSPECIFIED.,.F.,.F.,(4,2,2,4),(-1.11742449621063,-0.927634100148062,
-0.695294387178247,-0.36637617942637),.UNSPECIFIED.);
#450=B_SPLINE_CURVE_WITH_KNOTS('',3,(#2484,#2485,#2486,#2487),
 .UNSPECIFIED.,.F.,.F.,(4,4),(1.33393135892403,1.45796995399547),
 .UNSPECIFIED.);
#451=B_SPLINE_CURVE_WITH_KNOTS('',3,(#2489,#2490,#2491,#2492),
 .UNSPECIFIED.,.F.,.F.,(4,4),(0.417447569056702,0.991638262328109),
 .UNSPECIFIED.);
#452=B_SPLINE_CURVE_WITH_KNOTS('',3,(#2495,#2496,#2497,#2498,#2499,#2500),
 .UNSPECIFIED.,.F.,.F.,(4,2,4),(0.99163826232811,1.,1.77383155930753),
 .UNSPECIFIED.);
#453=B_SPLINE_CURVE_WITH_KNOTS('',3,(#2502,#2503,#2504,#2505),
 .UNSPECIFIED.,.F.,.F.,(4,4),(-1.62994933208562,-1.61475486259552),
 .UNSPECIFIED.);
#454=B_SPLINE_CURVE_WITH_KNOTS('',3,(#2508,#2509,#2510,#2511,#2512,#2513,
#2514,#2515),.UNSPECIFIED.,.F.,.F.,(4,2,2,4),(-0.736163589245853,-0.396067845866391,
-0.181142837143986,0.),.UNSPECIFIED.);
#455=B_SPLINE_CURVE_WITH_KNOTS('',3,(#2518,#2519,#2520,#2521,#2522,#2523,
#2524,#2525),.UNSPECIFIED.,.F.,.F.,(4,2,2,4),(-1.120638729942,-0.910189810213607,
-0.684008464703011,-0.365972451827017),.UNSPECIFIED.);
#456=B_SPLINE_CURVE_WITH_KNOTS('',3,(#2547,#2548,#2549,#2550),
 .UNSPECIFIED.,.F.,.F.,(4,4),(0.561888352774043,0.574554838456144),
 .UNSPECIFIED.);
#457=B_SPLINE_CURVE_WITH_KNOTS('',3,(#2551,#2552,#2553,#2554,#2555,#2556,
#2557,#2558,#2559,#2560),.UNSPECIFIED.,.F.,.F.,(4,2,2,2,4),(-0.610692177550053,
-0.596029741488043,-0.355377461555499,-0.160119608785778,0.),
 .UNSPECIFIED.);
#458=B_SPLINE_CURVE_WITH_KNOTS('',3,(#2562,#2563,#2564,#2565),
 .UNSPECIFIED.,.F.,.F.,(4,4),(0.458571559708278,0.729269889597075),
 .UNSPECIFIED.);
#459=B_SPLINE_CURVE_WITH_KNOTS('',3,(#2568,#2569,#2570,#2571),
 .UNSPECIFIED.,.F.,.F.,(4,4),(0.729269889597075,0.828966639442447),
 .UNSPECIFIED.);
#460=B_SPLINE_CURVE_WITH_KNOTS('',3,(#2574,#2575,#2576,#2577),
 .UNSPECIFIED.,.F.,.F.,(4,4),(19.5602297861315,19.6700317411222),
 .UNSPECIFIED.);
#461=B_SPLINE_CURVE_WITH_KNOTS('',3,(#2580,#2581,#2582,#2583,#2584,#2585,
#2586,#2587,#2588,#2589),.UNSPECIFIED.,.F.,.F.,(4,2,2,2,4),(-0.686877070903961,
-0.564432059785534,-0.394274257239911,-0.208545304910287,-0.185598600856668),
 .UNSPECIFIED.);
#462=B_SPLINE_CURVE_WITH_KNOTS('',3,(#2611,#2612,#2613,#2614,#2615,#2616,
#2617,#2618,#2619,#2620),.UNSPECIFIED.,.F.,.F.,(4,3,3,4),(1.92492101453806,
2.,3.,3.47715320066492),.UNSPECIFIED.);
#463=B_SPLINE_CURVE_WITH_KNOTS('',3,(#2623,#2624,#2625,#2626,#2627,#2628,
#2629),.UNSPECIFIED.,.F.,.F.,(4,3,4),(-2.14509992880926,-2.,-1.92492101453853),
 .UNSPECIFIED.);
#464=B_SPLINE_CURVE_WITH_KNOTS('',3,(#2644,#2645,#2646,#2647,#2648,#2649,
#2650),.UNSPECIFIED.,.F.,.F.,(4,3,4),(0.729269889597075,1.,1.46820381185208),
 .UNSPECIFIED.);
#465=B_SPLINE_CURVE_WITH_KNOTS('',3,(#2674,#2675,#2676,#2677,#2678,#2679,
#2680,#2681),.UNSPECIFIED.,.F.,.F.,(4,2,2,4),(17.9215361656981,18.,19.,
19.291672200879),.UNSPECIFIED.);
#466=B_SPLINE_CURVE_WITH_KNOTS('',3,(#2684,#2685,#2686,#2687,#2688,#2689),
 .UNSPECIFIED.,.F.,.F.,(4,2,4),(-1.10203837414561,-0.748924622357633,-0.736163589245853),
 .UNSPECIFIED.);
#467=B_SPLINE_CURVE_WITH_KNOTS('',3,(#2705,#2706,#2707,#2708,#2709,#2710,
#2711),.UNSPECIFIED.,.F.,.F.,(4,3,4),(0.0159153035995275,1.,1.23552996911958),
 .UNSPECIFIED.);
#468=B_SPLINE_CURVE_WITH_KNOTS('',3,(#2712,#2713,#2714,#2715,#2716,#2717,
#2718),.UNSPECIFIED.,.F.,.F.,(4,3,4),(-1.02140781414328,-1.,-0.29523958805744),
 .UNSPECIFIED.);
#469=B_SPLINE_CURVE_WITH_KNOTS('',3,(#2720,#2721,#2722,#2723),
 .UNSPECIFIED.,.F.,.F.,(4,4),(-1.23552996911958,-1.02140781414328),
 .UNSPECIFIED.);
#470=B_SPLINE_CURVE_WITH_KNOTS('',3,(#2731,#2732,#2733,#2734),
 .UNSPECIFIED.,.F.,.F.,(4,4),(-0.309746970607196,0.),.UNSPECIFIED.);
#471=B_SPLINE_CURVE_WITH_KNOTS('',3,(#2736,#2737,#2738,#2739),
 .UNSPECIFIED.,.F.,.F.,(4,4),(-0.309857695870701,0.),.UNSPECIFIED.);
#472=B_SPLINE_CURVE_WITH_KNOTS('',3,(#2743,#2744,#2745,#2746),
 .UNSPECIFIED.,.F.,.F.,(4,4),(-0.387426603627477,0.),.UNSPECIFIED.);
#473=B_SPLINE_CURVE_WITH_KNOTS('',3,(#2747,#2748,#2749,#2750),
 .UNSPECIFIED.,.F.,.F.,(4,4),(-0.386644020377931,0.),.UNSPECIFIED.);
#474=B_SPLINE_CURVE_WITH_KNOTS('',3,(#2767,#2768,#2769,#2770),
 .UNSPECIFIED.,.F.,.F.,(4,4),(3.,4.),.UNSPECIFIED.);
#475=B_SPLINE_CURVE_WITH_KNOTS('',3,(#2781,#2782,#2783,#2784),
 .UNSPECIFIED.,.F.,.F.,(4,4),(4.,5.),.UNSPECIFIED.);
#476=B_SPLINE_CURVE_WITH_KNOTS('',3,(#2794,#2795,#2796,#2797),
 .UNSPECIFIED.,.F.,.F.,(4,4),(0.,1.),.UNSPECIFIED.);
#477=B_SPLINE_CURVE_WITH_KNOTS('',3,(#2808,#2809,#2810,#2811),
 .UNSPECIFIED.,.F.,.F.,(4,4),(7.,8.),.UNSPECIFIED.);
#478=B_SPLINE_CURVE_WITH_KNOTS('',3,(#2828,#2829,#2830,#2831,#2832,#2833),
 .UNSPECIFIED.,.F.,.F.,(4,2,4),(6.,7.,7.12919589857685),.UNSPECIFIED.);
#479=B_SPLINE_CURVE_WITH_KNOTS('',3,(#2836,#2837,#2838,#2839,#2840,#2841),
 .UNSPECIFIED.,.F.,.F.,(4,2,4),(6.,7.,7.45394408304873),.UNSPECIFIED.);
#480=B_SPLINE_CURVE_WITH_KNOTS('',3,(#2856,#2857,#2858,#2859),
 .UNSPECIFIED.,.F.,.F.,(4,4),(4.21810581903483,5.),.UNSPECIFIED.);
#481=B_SPLINE_CURVE_WITH_KNOTS('',3,(#2860,#2861,#2862,#2863),
 .UNSPECIFIED.,.F.,.F.,(4,4),(4.49475755051628,5.),.UNSPECIFIED.);
#482=B_SPLINE_CURVE_WITH_KNOTS('',3,(#2879,#2880,#2881,#2882,#2883,#2884,
#2885),.UNSPECIFIED.,.F.,.F.,(4,3,4),(1.79150550909758,2.,2.32129450943194),
 .UNSPECIFIED.);
#483=B_SPLINE_CURVE_WITH_KNOTS('',3,(#2886,#2887,#2888,#2889,#2890,#2891,
#2892),.UNSPECIFIED.,.F.,.F.,(4,3,4),(1.92402953022983,2.,2.21861969681236),
 .UNSPECIFIED.);
#484=B_SPLINE_CURVE_WITH_KNOTS('',3,(#2927,#2928,#2929,#2930),
 .UNSPECIFIED.,.F.,.F.,(4,4),(1.45440641698896,1.92492101453806),
 .UNSPECIFIED.);
#485=B_SPLINE_CURVE_WITH_KNOTS('',3,(#2933,#2934,#2935,#2936),
 .UNSPECIFIED.,.F.,.F.,(4,4),(-1.45440641698664,-1.3802927371344),
 .UNSPECIFIED.);
#486=B_SPLINE_CURVE_WITH_KNOTS('',3,(#2958,#2959,#2960,#2961,#2962,#2963),
 .UNSPECIFIED.,.F.,.F.,(4,2,4),(19.291672200879,20.,20.0091330252961),
 .UNSPECIFIED.);
#487=B_SPLINE_CURVE_WITH_KNOTS('',3,(#2966,#2967,#2968,#2969),
 .UNSPECIFIED.,.F.,.F.,(4,4),(20.0091330252961,20.5835033711089),
 .UNSPECIFIED.);
#488=B_SPLINE_CURVE_WITH_KNOTS('',3,(#2979,#2980,#2981,#2982),
 .UNSPECIFIED.,.F.,.F.,(4,4),(0.,0.99163826232811),.UNSPECIFIED.);
#489=B_SPLINE_CURVE_WITH_KNOTS('',3,(#2992,#2993,#2994,#2995),
 .UNSPECIFIED.,.F.,.F.,(4,4),(20.0091330252961,21.),.UNSPECIFIED.);
#490=B_SPLINE_CURVE_WITH_KNOTS('',3,(#3008,#3009,#3010,#3011,#3012,#3013),
 .UNSPECIFIED.,.F.,.F.,(4,2,4),(11.,12.,12.1316239616194),.UNSPECIFIED.);
#491=B_SPLINE_CURVE_WITH_KNOTS('',3,(#3046,#3047,#3048,#3049),
 .UNSPECIFIED.,.F.,.F.,(4,4),(1.23552996911958,1.45440641698896),
 .UNSPECIFIED.);
#492=B_SPLINE_CURVE_WITH_KNOTS('',3,(#3053,#3054,#3055,#3056),
 .UNSPECIFIED.,.F.,.F.,(4,4),(-0.38742660362565,0.),.UNSPECIFIED.);
#493=B_SPLINE_CURVE_WITH_KNOTS('',3,(#3058,#3059,#3060,#3061),
 .UNSPECIFIED.,.F.,.F.,(4,4),(-0.386644020377692,0.),.UNSPECIFIED.);
#494=B_SPLINE_CURVE_WITH_KNOTS('',3,(#3065,#3066,#3067,#3068),
 .UNSPECIFIED.,.F.,.F.,(4,4),(-0.309746970607293,0.),.UNSPECIFIED.);
#495=B_SPLINE_CURVE_WITH_KNOTS('',3,(#3070,#3071,#3072,#3073),
 .UNSPECIFIED.,.F.,.F.,(4,4),(-0.309857695870739,0.),.UNSPECIFIED.);
#496=B_SPLINE_CURVE_WITH_KNOTS('',3,(#3125,#3126,#3127,#3128),
 .UNSPECIFIED.,.F.,.F.,(4,4),(17.,17.9215361656981),.UNSPECIFIED.);
#497=VERTEX_POINT('',#1547);
#498=VERTEX_POINT('',#1548);
#499=VERTEX_POINT('',#1553);
#500=VERTEX_POINT('',#1555);
#501=VERTEX_POINT('',#1566);
#502=VERTEX_POINT('',#1602);
#503=VERTEX_POINT('',#1616);
#504=VERTEX_POINT('',#1625);
#505=VERTEX_POINT('',#1636);
#506=VERTEX_POINT('',#1643);
#507=VERTEX_POINT('',#1645);
#508=VERTEX_POINT('',#1658);
#509=VERTEX_POINT('',#1704);
#510=VERTEX_POINT('',#1709);
#511=VERTEX_POINT('',#1718);
#512=VERTEX_POINT('',#1725);
#513=VERTEX_POINT('',#1730);
#514=VERTEX_POINT('',#1732);
#515=VERTEX_POINT('',#1740);
#516=VERTEX_POINT('',#1747);
#517=VERTEX_POINT('',#1748);
#518=VERTEX_POINT('',#1771);
#519=VERTEX_POINT('',#1773);
#520=VERTEX_POINT('',#1778);
#521=VERTEX_POINT('',#1787);
#522=VERTEX_POINT('',#1792);
#523=VERTEX_POINT('',#1794);
#524=VERTEX_POINT('',#1801);
#525=VERTEX_POINT('',#1807);
#526=VERTEX_POINT('',#1808);
#527=VERTEX_POINT('',#1813);
#528=VERTEX_POINT('',#1815);
#529=VERTEX_POINT('',#1820);
#530=VERTEX_POINT('',#1825);
#531=VERTEX_POINT('',#1851);
#532=VERTEX_POINT('',#1858);
#533=VERTEX_POINT('',#1863);
#534=VERTEX_POINT('',#1865);
#535=VERTEX_POINT('',#1870);
#536=VERTEX_POINT('',#1872);
#537=VERTEX_POINT('',#1877);
#538=VERTEX_POINT('',#1893);
#539=VERTEX_POINT('',#1902);
#540=VERTEX_POINT('',#1909);
#541=VERTEX_POINT('',#1927);
#542=VERTEX_POINT('',#1929);
#543=VERTEX_POINT('',#1961);
#544=VERTEX_POINT('',#1968);
#545=VERTEX_POINT('',#1975);
#546=VERTEX_POINT('',#1982);
#547=VERTEX_POINT('',#1987);
#548=VERTEX_POINT('',#2000);
#549=VERTEX_POINT('',#2002);
#550=VERTEX_POINT('',#2007);
#551=VERTEX_POINT('',#2016);
#552=VERTEX_POINT('',#2088);
#553=VERTEX_POINT('',#2090);
#554=VERTEX_POINT('',#2099);
#555=VERTEX_POINT('',#2101);
#556=VERTEX_POINT('',#2106);
#557=VERTEX_POINT('',#2120);
#558=VERTEX_POINT('',#2121);
#559=VERTEX_POINT('',#2128);
#560=VERTEX_POINT('',#2140);
#561=VERTEX_POINT('',#2145);
#562=VERTEX_POINT('',#2147);
#563=VERTEX_POINT('',#2152);
#564=VERTEX_POINT('',#2157);
#565=VERTEX_POINT('',#2159);
#566=VERTEX_POINT('',#2164);
#567=VERTEX_POINT('',#2166);
#568=VERTEX_POINT('',#2195);
#569=VERTEX_POINT('',#2212);
#570=VERTEX_POINT('',#2217);
#571=VERTEX_POINT('',#2219);
#572=VERTEX_POINT('',#2224);
#573=VERTEX_POINT('',#2241);
#574=VERTEX_POINT('',#2261);
#575=VERTEX_POINT('',#2270);
#576=VERTEX_POINT('',#2281);
#577=VERTEX_POINT('',#2313);
#578=VERTEX_POINT('',#2328);
#579=VERTEX_POINT('',#2337);
#580=VERTEX_POINT('',#2352);
#581=VERTEX_POINT('',#2365);
#582=VERTEX_POINT('',#2380);
#583=VERTEX_POINT('',#2381);
#584=VERTEX_POINT('',#2403);
#585=VERTEX_POINT('',#2404);
#586=VERTEX_POINT('',#2415);
#587=VERTEX_POINT('',#2417);
#588=VERTEX_POINT('',#2441);
#589=VERTEX_POINT('',#2450);
#590=VERTEX_POINT('',#2488);
#591=VERTEX_POINT('',#2493);
#592=VERTEX_POINT('',#2507);
#593=VERTEX_POINT('',#2516);
#594=VERTEX_POINT('',#2546);
#595=VERTEX_POINT('',#2561);
#596=VERTEX_POINT('',#2566);
#597=VERTEX_POINT('',#2573);
#598=VERTEX_POINT('',#2610);
#599=VERTEX_POINT('',#2621);
#600=VERTEX_POINT('',#2671);
#601=VERTEX_POINT('',#2673);
#602=VERTEX_POINT('',#2682);
#603=VERTEX_POINT('',#2704);
#604=VERTEX_POINT('',#2719);
#605=VERTEX_POINT('',#2727);
#606=VERTEX_POINT('',#2728);
#607=VERTEX_POINT('',#2730);
#608=VERTEX_POINT('',#2735);
#609=VERTEX_POINT('',#2740);
#610=VERTEX_POINT('',#2742);
#611=VERTEX_POINT('',#2752);
#612=VERTEX_POINT('',#2754);
#613=VERTEX_POINT('',#2765);
#614=VERTEX_POINT('',#2779);
#615=VERTEX_POINT('',#2793);
#616=VERTEX_POINT('',#2807);
#617=VERTEX_POINT('',#2827);
#618=VERTEX_POINT('',#2834);
#619=VERTEX_POINT('',#2843);
#620=VERTEX_POINT('',#2845);
#621=VERTEX_POINT('',#2926);
#622=VERTEX_POINT('',#2931);
#623=VERTEX_POINT('',#2957);
#624=VERTEX_POINT('',#2964);
#625=VERTEX_POINT('',#2978);
#626=VERTEX_POINT('',#3051);
#627=VERTEX_POINT('',#3052);
#628=VERTEX_POINT('',#3057);
#629=VERTEX_POINT('',#3062);
#630=VERTEX_POINT('',#3064);
#631=VERTEX_POINT('',#3069);
#632=VERTEX_POINT('',#3123);
#633=EDGE_CURVE('',#497,#498,#373,.T.);
#634=EDGE_CURVE('',#498,#499,#213,.T.);
#635=EDGE_CURVE('',#499,#500,#374,.T.);
#636=EDGE_CURVE('',#500,#501,#214,.T.);
#637=EDGE_CURVE('',#501,#497,#375,.T.);
#638=EDGE_CURVE('',#501,#502,#376,.F.);
#639=EDGE_CURVE('',#503,#502,#377,.T.);
#640=EDGE_CURVE('',#504,#503,#378,.T.);
#641=EDGE_CURVE('',#504,#505,#379,.T.);
#642=EDGE_CURVE('',#506,#505,#215,.T.);
#643=EDGE_CURVE('',#506,#507,#380,.T.);
#644=EDGE_CURVE('',#507,#497,#216,.T.);
#645=EDGE_CURVE('',#508,#500,#381,.F.);
#646=EDGE_CURVE('',#508,#502,#217,.T.);
#647=EDGE_CURVE('',#509,#499,#382,.T.);
#648=EDGE_CURVE('',#510,#509,#383,.T.);
#649=EDGE_CURVE('',#511,#510,#384,.T.);
#650=EDGE_CURVE('',#511,#512,#385,.T.);
#651=EDGE_CURVE('',#513,#512,#218,.T.);
#652=EDGE_CURVE('',#514,#513,#386,.T.);
#653=EDGE_CURVE('',#514,#515,#219,.T.);
#654=EDGE_CURVE('',#515,#508,#387,.T.);
#655=EDGE_CURVE('',#516,#517,#388,.T.);
#656=EDGE_CURVE('',#517,#518,#220,.T.);
#657=EDGE_CURVE('',#518,#519,#389,.T.);
#658=EDGE_CURVE('',#519,#520,#390,.T.);
#659=EDGE_CURVE('',#520,#516,#221,.T.);
#660=EDGE_CURVE('',#517,#521,#391,.T.);
#661=EDGE_CURVE('',#522,#521,#222,.T.);
#662=EDGE_CURVE('',#522,#523,#392,.T.);
#663=EDGE_CURVE('',#523,#524,#223,.T.);
#664=EDGE_CURVE('',#524,#518,#393,.T.);
#665=EDGE_CURVE('',#525,#526,#394,.T.);
#666=EDGE_CURVE('',#526,#527,#224,.T.);
#667=EDGE_CURVE('',#527,#528,#395,.T.);
#668=EDGE_CURVE('',#528,#529,#396,.T.);
#669=EDGE_CURVE('',#529,#530,#225,.T.);
#670=EDGE_CURVE('',#530,#525,#397,.T.);
#671=EDGE_CURVE('',#531,#516,#398,.T.);
#672=EDGE_CURVE('',#531,#532,#399,.T.);
#673=EDGE_CURVE('',#533,#532,#226,.T.);
#674=EDGE_CURVE('',#533,#534,#400,.T.);
#675=EDGE_CURVE('',#534,#535,#227,.T.);
#676=EDGE_CURVE('',#535,#536,#401,.T.);
#677=EDGE_CURVE('',#536,#537,#402,.F.);
#678=EDGE_CURVE('',#521,#537,#403,.T.);
#679=EDGE_CURVE('',#520,#538,#404,.T.);
#680=EDGE_CURVE('',#538,#531,#228,.T.);
#681=EDGE_CURVE('',#539,#522,#405,.T.);
#682=EDGE_CURVE('',#537,#540,#229,.T.);
#683=EDGE_CURVE('',#540,#539,#406,.T.);
#684=EDGE_CURVE('',#541,#539,#230,.T.);
#685=EDGE_CURVE('',#541,#542,#407,.T.);
#686=EDGE_CURVE('',#542,#523,#231,.T.);
#687=EDGE_CURVE('',#540,#543,#408,.F.);
#688=EDGE_CURVE('',#544,#543,#409,.T.);
#689=EDGE_CURVE('',#545,#544,#410,.T.);
#690=EDGE_CURVE('',#546,#545,#411,.T.);
#691=EDGE_CURVE('',#547,#546,#232,.T.);
#692=EDGE_CURVE('',#547,#541,#412,.T.);
#693=EDGE_CURVE('',#536,#543,#233,.T.);
#694=EDGE_CURVE('',#509,#548,#234,.T.);
#695=EDGE_CURVE('',#548,#549,#413,.T.);
#696=EDGE_CURVE('',#549,#550,#414,.T.);
#697=EDGE_CURVE('',#550,#510,#235,.T.);
#698=EDGE_CURVE('',#550,#551,#415,.T.);
#699=EDGE_CURVE('',#551,#511,#236,.T.);
#700=EDGE_CURVE('',#552,#549,#237,.T.);
#701=EDGE_CURVE('',#552,#553,#416,.T.);
#702=EDGE_CURVE('',#553,#554,#238,.T.);
#703=EDGE_CURVE('',#555,#554,#417,.T.);
#704=EDGE_CURVE('',#555,#556,#418,.F.);
#705=EDGE_CURVE('',#551,#556,#419,.T.);
#706=EDGE_CURVE('',#557,#558,#420,.T.);
#707=EDGE_CURVE('',#558,#559,#239,.T.);
#708=EDGE_CURVE('',#559,#546,#421,.T.);
#709=EDGE_CURVE('',#545,#557,#240,.T.);
#710=EDGE_CURVE('',#558,#560,#422,.T.);
#711=EDGE_CURVE('',#561,#560,#241,.T.);
#712=EDGE_CURVE('',#561,#562,#423,.T.);
#713=EDGE_CURVE('',#562,#563,#424,.T.);
#714=EDGE_CURVE('',#564,#563,#242,.T.);
#715=EDGE_CURVE('',#564,#565,#425,.T.);
#716=EDGE_CURVE('',#566,#565,#243,.T.);
#717=EDGE_CURVE('',#566,#567,#426,.T.);
#718=EDGE_CURVE('',#567,#559,#427,.T.);
#719=EDGE_CURVE('',#568,#557,#428,.T.);
#720=EDGE_CURVE('',#568,#569,#429,.T.);
#721=EDGE_CURVE('',#570,#569,#244,.T.);
#722=EDGE_CURVE('',#570,#571,#430,.T.);
#723=EDGE_CURVE('',#571,#572,#245,.T.);
#724=EDGE_CURVE('',#560,#572,#431,.T.);
#725=EDGE_CURVE('',#544,#568,#246,.T.);
#726=EDGE_CURVE('',#554,#566,#432,.T.);
#727=EDGE_CURVE('',#565,#573,#433,.T.);
#728=EDGE_CURVE('',#573,#555,#247,.T.);
#729=EDGE_CURVE('',#553,#574,#434,.T.);
#730=EDGE_CURVE('',#574,#567,#248,.T.);
#731=EDGE_CURVE('',#575,#573,#435,.F.);
#732=EDGE_CURVE('',#575,#556,#249,.T.);
#733=EDGE_CURVE('',#564,#576,#436,.F.);
#734=EDGE_CURVE('',#563,#577,#437,.T.);
#735=EDGE_CURVE('',#577,#576,#250,.T.);
#736=EDGE_CURVE('',#577,#578,#438,.T.);
#737=EDGE_CURVE('',#578,#579,#251,.T.);
#738=EDGE_CURVE('',#579,#576,#439,.T.);
#739=EDGE_CURVE('',#560,#580,#440,.T.);
#740=EDGE_CURVE('',#580,#581,#252,.T.);
#741=EDGE_CURVE('',#561,#581,#441,.F.);
#742=EDGE_CURVE('',#582,#583,#442,.T.);
#743=EDGE_CURVE('',#583,#504,#253,.T.);
#744=EDGE_CURVE('',#503,#582,#254,.T.);
#745=EDGE_CURVE('',#508,#582,#443,.T.);
#746=EDGE_CURVE('',#584,#585,#444,.F.);
#747=EDGE_CURVE('',#584,#586,#255,.T.);
#748=EDGE_CURVE('',#587,#586,#445,.F.);
#749=EDGE_CURVE('',#587,#585,#256,.T.);
#750=EDGE_CURVE('',#587,#531,#446,.T.);
#751=EDGE_CURVE('',#538,#585,#447,.T.);
#752=EDGE_CURVE('',#583,#588,#448,.T.);
#753=EDGE_CURVE('',#588,#589,#257,.T.);
#754=EDGE_CURVE('',#589,#504,#449,.T.);
#755=EDGE_CURVE('',#578,#589,#450,.T.);
#756=EDGE_CURVE('',#563,#590,#451,.T.);
#757=EDGE_CURVE('',#591,#590,#258,.T.);
#758=EDGE_CURVE('',#591,#506,#452,.T.);
#759=EDGE_CURVE('',#588,#579,#453,.T.);
#760=EDGE_CURVE('',#584,#592,#454,.T.);
#761=EDGE_CURVE('',#592,#593,#259,.T.);
#762=EDGE_CURVE('',#593,#586,#455,.T.);
#763=EDGE_CURVE('',#594,#593,#456,.T.);
#764=EDGE_CURVE('',#580,#594,#457,.T.);
#765=EDGE_CURVE('',#571,#595,#458,.T.);
#766=EDGE_CURVE('',#595,#596,#260,.T.);
#767=EDGE_CURVE('',#596,#587,#459,.T.);
#768=EDGE_CURVE('',#592,#597,#460,.T.);
#769=EDGE_CURVE('',#594,#597,#261,.T.);
#770=EDGE_CURVE('',#597,#581,#461,.T.);
#771=EDGE_CURVE('',#598,#514,#462,.T.);
#772=EDGE_CURVE('',#598,#599,#262,.T.);
#773=EDGE_CURVE('',#582,#599,#463,.T.);
#774=EDGE_CURVE('',#595,#533,#464,.T.);
#775=EDGE_CURVE('',#600,#519,#263,.T.);
#776=EDGE_CURVE('',#600,#601,#465,.T.);
#777=EDGE_CURVE('',#601,#602,#264,.T.);
#778=EDGE_CURVE('',#602,#584,#466,.T.);
#779=EDGE_CURVE('',#513,#603,#467,.T.);
#780=EDGE_CURVE('',#575,#511,#468,.T.);
#781=EDGE_CURVE('',#604,#575,#469,.T.);
#782=EDGE_CURVE('',#603,#604,#265,.T.);
#783=EDGE_CURVE('',#605,#606,#266,.T.);
#784=EDGE_CURVE('',#607,#605,#470,.T.);
#785=EDGE_CURVE('',#608,#607,#471,.T.);
#786=EDGE_CURVE('',#609,#608,#267,.T.);
#787=EDGE_CURVE('',#610,#609,#472,.T.);
#788=EDGE_CURVE('',#606,#610,#473,.T.);
#789=EDGE_CURVE('',#608,#611,#268,.T.);
#790=EDGE_CURVE('',#612,#611,#269,.T.);
#791=EDGE_CURVE('',#609,#612,#270,.T.);
#792=EDGE_CURVE('',#607,#613,#271,.T.);
#793=EDGE_CURVE('',#611,#613,#474,.T.);
#794=EDGE_CURVE('',#605,#614,#272,.T.);
#795=EDGE_CURVE('',#613,#614,#475,.T.);
#796=EDGE_CURVE('',#615,#612,#476,.T.);
#797=EDGE_CURVE('',#610,#615,#273,.T.);
#798=EDGE_CURVE('',#616,#615,#477,.T.);
#799=EDGE_CURVE('',#606,#616,#274,.T.);
#800=EDGE_CURVE('',#614,#616,#275,.T.);
#801=EDGE_CURVE('',#617,#548,#478,.T.);
#802=EDGE_CURVE('',#618,#617,#276,.T.);
#803=EDGE_CURVE('',#618,#552,#479,.T.);
#804=EDGE_CURVE('',#619,#618,#277,.T.);
#805=EDGE_CURVE('',#620,#617,#278,.T.);
#806=EDGE_CURVE('',#619,#620,#279,.T.);
#807=EDGE_CURVE('',#507,#619,#480,.T.);
#808=EDGE_CURVE('',#498,#620,#481,.T.);
#809=EDGE_CURVE('',#534,#570,#482,.T.);
#810=EDGE_CURVE('',#536,#568,#483,.T.);
#811=EDGE_CURVE('',#621,#598,#484,.T.);
#812=EDGE_CURVE('',#621,#622,#280,.T.);
#813=EDGE_CURVE('',#622,#564,#485,.T.);
#814=EDGE_CURVE('',#601,#623,#486,.T.);
#815=EDGE_CURVE('',#623,#624,#281,.T.);
#816=EDGE_CURVE('',#624,#561,#487,.T.);
#817=EDGE_CURVE('',#625,#591,#488,.T.);
#818=EDGE_CURVE('',#625,#562,#282,.T.);
#819=EDGE_CURVE('',#623,#625,#489,.T.);
#820=EDGE_CURVE('',#574,#547,#490,.T.);
#821=EDGE_CURVE('',#603,#621,#491,.T.);
#822=EDGE_CURVE('',#626,#627,#492,.T.);
#823=EDGE_CURVE('',#628,#626,#493,.T.);
#824=EDGE_CURVE('',#629,#628,#283,.T.);
#825=EDGE_CURVE('',#630,#629,#494,.T.);
#826=EDGE_CURVE('',#631,#630,#495,.T.);
#827=EDGE_CURVE('',#627,#631,#284,.T.);
#828=EDGE_CURVE('',#629,#529,#285,.T.);
#829=EDGE_CURVE('',#630,#528,#286,.T.);
#830=EDGE_CURVE('',#628,#530,#287,.T.);
#831=EDGE_CURVE('',#626,#525,#288,.T.);
#832=EDGE_CURVE('',#631,#527,#289,.T.);
#833=EDGE_CURVE('',#627,#526,#290,.T.);
#834=EDGE_CURVE('',#632,#524,#291,.T.);
#835=EDGE_CURVE('',#632,#600,#496,.T.);
#836=EDGE_CURVE('',#542,#632,#292,.T.);
#837=ORIENTED_EDGE('',*,*,#633,.T.);
#838=ORIENTED_EDGE('',*,*,#634,.T.);
#839=ORIENTED_EDGE('',*,*,#635,.T.);
#840=ORIENTED_EDGE('',*,*,#636,.T.);
#841=ORIENTED_EDGE('',*,*,#637,.T.);
#842=ORIENTED_EDGE('',*,*,#637,.F.);
#843=ORIENTED_EDGE('',*,*,#638,.T.);
#844=ORIENTED_EDGE('',*,*,#639,.F.);
#845=ORIENTED_EDGE('',*,*,#640,.F.);
#846=ORIENTED_EDGE('',*,*,#641,.T.);
#847=ORIENTED_EDGE('',*,*,#642,.F.);
#848=ORIENTED_EDGE('',*,*,#643,.T.);
#849=ORIENTED_EDGE('',*,*,#644,.T.);
#850=ORIENTED_EDGE('',*,*,#636,.F.);
#851=ORIENTED_EDGE('',*,*,#645,.F.);
#852=ORIENTED_EDGE('',*,*,#646,.T.);
#853=ORIENTED_EDGE('',*,*,#638,.F.);
#854=ORIENTED_EDGE('',*,*,#635,.F.);
#855=ORIENTED_EDGE('',*,*,#647,.F.);
#856=ORIENTED_EDGE('',*,*,#648,.F.);
#857=ORIENTED_EDGE('',*,*,#649,.F.);
#858=ORIENTED_EDGE('',*,*,#650,.T.);
#859=ORIENTED_EDGE('',*,*,#651,.F.);
#860=ORIENTED_EDGE('',*,*,#652,.F.);
#861=ORIENTED_EDGE('',*,*,#653,.T.);
#862=ORIENTED_EDGE('',*,*,#654,.T.);
#863=ORIENTED_EDGE('',*,*,#645,.T.);
#864=ORIENTED_EDGE('',*,*,#655,.T.);
#865=ORIENTED_EDGE('',*,*,#656,.T.);
#866=ORIENTED_EDGE('',*,*,#657,.T.);
#867=ORIENTED_EDGE('',*,*,#658,.T.);
#868=ORIENTED_EDGE('',*,*,#659,.T.);
#869=ORIENTED_EDGE('',*,*,#656,.F.);
#870=ORIENTED_EDGE('',*,*,#660,.T.);
#871=ORIENTED_EDGE('',*,*,#661,.F.);
#872=ORIENTED_EDGE('',*,*,#662,.T.);
#873=ORIENTED_EDGE('',*,*,#663,.T.);
#874=ORIENTED_EDGE('',*,*,#664,.T.);
#875=ORIENTED_EDGE('',*,*,#665,.T.);
#876=ORIENTED_EDGE('',*,*,#666,.T.);
#877=ORIENTED_EDGE('',*,*,#667,.T.);
#878=ORIENTED_EDGE('',*,*,#668,.T.);
#879=ORIENTED_EDGE('',*,*,#669,.T.);
#880=ORIENTED_EDGE('',*,*,#670,.T.);
#881=ORIENTED_EDGE('',*,*,#655,.F.);
#882=ORIENTED_EDGE('',*,*,#671,.F.);
#883=ORIENTED_EDGE('',*,*,#672,.T.);
#884=ORIENTED_EDGE('',*,*,#673,.F.);
#885=ORIENTED_EDGE('',*,*,#674,.T.);
#886=ORIENTED_EDGE('',*,*,#675,.T.);
#887=ORIENTED_EDGE('',*,*,#676,.T.);
#888=ORIENTED_EDGE('',*,*,#677,.T.);
#889=ORIENTED_EDGE('',*,*,#678,.F.);
#890=ORIENTED_EDGE('',*,*,#660,.F.);
#891=ORIENTED_EDGE('',*,*,#659,.F.);
#892=ORIENTED_EDGE('',*,*,#679,.T.);
#893=ORIENTED_EDGE('',*,*,#680,.T.);
#894=ORIENTED_EDGE('',*,*,#671,.T.);
#895=ORIENTED_EDGE('',*,*,#681,.T.);
#896=ORIENTED_EDGE('',*,*,#661,.T.);
#897=ORIENTED_EDGE('',*,*,#678,.T.);
#898=ORIENTED_EDGE('',*,*,#682,.T.);
#899=ORIENTED_EDGE('',*,*,#683,.T.);
#900=ORIENTED_EDGE('',*,*,#681,.F.);
#901=ORIENTED_EDGE('',*,*,#684,.F.);
#902=ORIENTED_EDGE('',*,*,#685,.T.);
#903=ORIENTED_EDGE('',*,*,#686,.T.);
#904=ORIENTED_EDGE('',*,*,#662,.F.);
#905=ORIENTED_EDGE('',*,*,#683,.F.);
#906=ORIENTED_EDGE('',*,*,#687,.T.);
#907=ORIENTED_EDGE('',*,*,#688,.F.);
#908=ORIENTED_EDGE('',*,*,#689,.F.);
#909=ORIENTED_EDGE('',*,*,#690,.F.);
#910=ORIENTED_EDGE('',*,*,#691,.F.);
#911=ORIENTED_EDGE('',*,*,#692,.T.);
#912=ORIENTED_EDGE('',*,*,#684,.T.);
#913=ORIENTED_EDGE('',*,*,#682,.F.);
#914=ORIENTED_EDGE('',*,*,#677,.F.);
#915=ORIENTED_EDGE('',*,*,#693,.T.);
#916=ORIENTED_EDGE('',*,*,#687,.F.);
#917=ORIENTED_EDGE('',*,*,#648,.T.);
#918=ORIENTED_EDGE('',*,*,#694,.T.);
#919=ORIENTED_EDGE('',*,*,#695,.T.);
#920=ORIENTED_EDGE('',*,*,#696,.T.);
#921=ORIENTED_EDGE('',*,*,#697,.T.);
#922=ORIENTED_EDGE('',*,*,#697,.F.);
#923=ORIENTED_EDGE('',*,*,#698,.T.);
#924=ORIENTED_EDGE('',*,*,#699,.T.);
#925=ORIENTED_EDGE('',*,*,#649,.T.);
#926=ORIENTED_EDGE('',*,*,#696,.F.);
#927=ORIENTED_EDGE('',*,*,#700,.F.);
#928=ORIENTED_EDGE('',*,*,#701,.T.);
#929=ORIENTED_EDGE('',*,*,#702,.T.);
#930=ORIENTED_EDGE('',*,*,#703,.F.);
#931=ORIENTED_EDGE('',*,*,#704,.T.);
#932=ORIENTED_EDGE('',*,*,#705,.F.);
#933=ORIENTED_EDGE('',*,*,#698,.F.);
#934=ORIENTED_EDGE('',*,*,#706,.T.);
#935=ORIENTED_EDGE('',*,*,#707,.T.);
#936=ORIENTED_EDGE('',*,*,#708,.T.);
#937=ORIENTED_EDGE('',*,*,#690,.T.);
#938=ORIENTED_EDGE('',*,*,#709,.T.);
#939=ORIENTED_EDGE('',*,*,#707,.F.);
#940=ORIENTED_EDGE('',*,*,#710,.T.);
#941=ORIENTED_EDGE('',*,*,#711,.F.);
#942=ORIENTED_EDGE('',*,*,#712,.T.);
#943=ORIENTED_EDGE('',*,*,#713,.T.);
#944=ORIENTED_EDGE('',*,*,#714,.F.);
#945=ORIENTED_EDGE('',*,*,#715,.T.);
#946=ORIENTED_EDGE('',*,*,#716,.F.);
#947=ORIENTED_EDGE('',*,*,#717,.T.);
#948=ORIENTED_EDGE('',*,*,#718,.T.);
#949=ORIENTED_EDGE('',*,*,#706,.F.);
#950=ORIENTED_EDGE('',*,*,#719,.F.);
#951=ORIENTED_EDGE('',*,*,#720,.T.);
#952=ORIENTED_EDGE('',*,*,#721,.F.);
#953=ORIENTED_EDGE('',*,*,#722,.T.);
#954=ORIENTED_EDGE('',*,*,#723,.T.);
#955=ORIENTED_EDGE('',*,*,#724,.F.);
#956=ORIENTED_EDGE('',*,*,#710,.F.);
#957=ORIENTED_EDGE('',*,*,#709,.F.);
#958=ORIENTED_EDGE('',*,*,#689,.T.);
#959=ORIENTED_EDGE('',*,*,#725,.T.);
#960=ORIENTED_EDGE('',*,*,#719,.T.);
#961=ORIENTED_EDGE('',*,*,#726,.T.);
#962=ORIENTED_EDGE('',*,*,#716,.T.);
#963=ORIENTED_EDGE('',*,*,#727,.T.);
#964=ORIENTED_EDGE('',*,*,#728,.T.);
#965=ORIENTED_EDGE('',*,*,#703,.T.);
#966=ORIENTED_EDGE('',*,*,#726,.F.);
#967=ORIENTED_EDGE('',*,*,#702,.F.);
#968=ORIENTED_EDGE('',*,*,#729,.T.);
#969=ORIENTED_EDGE('',*,*,#730,.T.);
#970=ORIENTED_EDGE('',*,*,#717,.F.);
#971=ORIENTED_EDGE('',*,*,#728,.F.);
#972=ORIENTED_EDGE('',*,*,#731,.F.);
#973=ORIENTED_EDGE('',*,*,#732,.T.);
#974=ORIENTED_EDGE('',*,*,#704,.F.);
#975=ORIENTED_EDGE('',*,*,#733,.F.);
#976=ORIENTED_EDGE('',*,*,#714,.T.);
#977=ORIENTED_EDGE('',*,*,#734,.T.);
#978=ORIENTED_EDGE('',*,*,#735,.T.);
#979=ORIENTED_EDGE('',*,*,#735,.F.);
#980=ORIENTED_EDGE('',*,*,#736,.T.);
#981=ORIENTED_EDGE('',*,*,#737,.T.);
#982=ORIENTED_EDGE('',*,*,#738,.T.);
#983=ORIENTED_EDGE('',*,*,#739,.T.);
#984=ORIENTED_EDGE('',*,*,#740,.T.);
#985=ORIENTED_EDGE('',*,*,#741,.F.);
#986=ORIENTED_EDGE('',*,*,#711,.T.);
#987=ORIENTED_EDGE('',*,*,#742,.T.);
#988=ORIENTED_EDGE('',*,*,#743,.T.);
#989=ORIENTED_EDGE('',*,*,#640,.T.);
#990=ORIENTED_EDGE('',*,*,#744,.T.);
#991=ORIENTED_EDGE('',*,*,#744,.F.);
#992=ORIENTED_EDGE('',*,*,#639,.T.);
#993=ORIENTED_EDGE('',*,*,#646,.F.);
#994=ORIENTED_EDGE('',*,*,#745,.T.);
#995=ORIENTED_EDGE('',*,*,#746,.F.);
#996=ORIENTED_EDGE('',*,*,#747,.T.);
#997=ORIENTED_EDGE('',*,*,#748,.F.);
#998=ORIENTED_EDGE('',*,*,#749,.T.);
#999=ORIENTED_EDGE('',*,*,#749,.F.);
#1000=ORIENTED_EDGE('',*,*,#750,.T.);
#1001=ORIENTED_EDGE('',*,*,#680,.F.);
#1002=ORIENTED_EDGE('',*,*,#751,.T.);
#1003=ORIENTED_EDGE('',*,*,#743,.F.);
#1004=ORIENTED_EDGE('',*,*,#752,.T.);
#1005=ORIENTED_EDGE('',*,*,#753,.T.);
#1006=ORIENTED_EDGE('',*,*,#754,.T.);
#1007=ORIENTED_EDGE('',*,*,#754,.F.);
#1008=ORIENTED_EDGE('',*,*,#755,.F.);
#1009=ORIENTED_EDGE('',*,*,#736,.F.);
#1010=ORIENTED_EDGE('',*,*,#734,.F.);
#1011=ORIENTED_EDGE('',*,*,#756,.T.);
#1012=ORIENTED_EDGE('',*,*,#757,.F.);
#1013=ORIENTED_EDGE('',*,*,#758,.T.);
#1014=ORIENTED_EDGE('',*,*,#642,.T.);
#1015=ORIENTED_EDGE('',*,*,#641,.F.);
#1016=ORIENTED_EDGE('',*,*,#753,.F.);
#1017=ORIENTED_EDGE('',*,*,#759,.T.);
#1018=ORIENTED_EDGE('',*,*,#737,.F.);
#1019=ORIENTED_EDGE('',*,*,#755,.T.);
#1020=ORIENTED_EDGE('',*,*,#747,.F.);
#1021=ORIENTED_EDGE('',*,*,#760,.T.);
#1022=ORIENTED_EDGE('',*,*,#761,.T.);
#1023=ORIENTED_EDGE('',*,*,#762,.T.);
#1024=ORIENTED_EDGE('',*,*,#762,.F.);
#1025=ORIENTED_EDGE('',*,*,#763,.F.);
#1026=ORIENTED_EDGE('',*,*,#764,.F.);
#1027=ORIENTED_EDGE('',*,*,#739,.F.);
#1028=ORIENTED_EDGE('',*,*,#724,.T.);
#1029=ORIENTED_EDGE('',*,*,#723,.F.);
#1030=ORIENTED_EDGE('',*,*,#765,.T.);
#1031=ORIENTED_EDGE('',*,*,#766,.T.);
#1032=ORIENTED_EDGE('',*,*,#767,.T.);
#1033=ORIENTED_EDGE('',*,*,#748,.T.);
#1034=ORIENTED_EDGE('',*,*,#761,.F.);
#1035=ORIENTED_EDGE('',*,*,#768,.T.);
#1036=ORIENTED_EDGE('',*,*,#769,.F.);
#1037=ORIENTED_EDGE('',*,*,#763,.T.);
#1038=ORIENTED_EDGE('',*,*,#740,.F.);
#1039=ORIENTED_EDGE('',*,*,#764,.T.);
#1040=ORIENTED_EDGE('',*,*,#769,.T.);
#1041=ORIENTED_EDGE('',*,*,#770,.T.);
#1042=ORIENTED_EDGE('',*,*,#771,.F.);
#1043=ORIENTED_EDGE('',*,*,#772,.T.);
#1044=ORIENTED_EDGE('',*,*,#773,.F.);
#1045=ORIENTED_EDGE('',*,*,#745,.F.);
#1046=ORIENTED_EDGE('',*,*,#654,.F.);
#1047=ORIENTED_EDGE('',*,*,#653,.F.);
#1048=ORIENTED_EDGE('',*,*,#774,.T.);
#1049=ORIENTED_EDGE('',*,*,#673,.T.);
#1050=ORIENTED_EDGE('',*,*,#672,.F.);
#1051=ORIENTED_EDGE('',*,*,#750,.F.);
#1052=ORIENTED_EDGE('',*,*,#767,.F.);
#1053=ORIENTED_EDGE('',*,*,#766,.F.);
#1054=ORIENTED_EDGE('',*,*,#658,.F.);
#1055=ORIENTED_EDGE('',*,*,#775,.F.);
#1056=ORIENTED_EDGE('',*,*,#776,.T.);
#1057=ORIENTED_EDGE('',*,*,#777,.T.);
#1058=ORIENTED_EDGE('',*,*,#778,.T.);
#1059=ORIENTED_EDGE('',*,*,#746,.T.);
#1060=ORIENTED_EDGE('',*,*,#751,.F.);
#1061=ORIENTED_EDGE('',*,*,#679,.F.);
#1062=ORIENTED_EDGE('',*,*,#779,.F.);
#1063=ORIENTED_EDGE('',*,*,#651,.T.);
#1064=ORIENTED_EDGE('',*,*,#650,.F.);
#1065=ORIENTED_EDGE('',*,*,#780,.F.);
#1066=ORIENTED_EDGE('',*,*,#781,.F.);
#1067=ORIENTED_EDGE('',*,*,#782,.F.);
#1068=ORIENTED_EDGE('',*,*,#732,.F.);
#1069=ORIENTED_EDGE('',*,*,#780,.T.);
#1070=ORIENTED_EDGE('',*,*,#699,.F.);
#1071=ORIENTED_EDGE('',*,*,#705,.T.);
#1072=ORIENTED_EDGE('',*,*,#783,.F.);
#1073=ORIENTED_EDGE('',*,*,#784,.F.);
#1074=ORIENTED_EDGE('',*,*,#785,.F.);
#1075=ORIENTED_EDGE('',*,*,#786,.F.);
#1076=ORIENTED_EDGE('',*,*,#787,.F.);
#1077=ORIENTED_EDGE('',*,*,#788,.F.);
#1078=ORIENTED_EDGE('',*,*,#786,.T.);
#1079=ORIENTED_EDGE('',*,*,#789,.T.);
#1080=ORIENTED_EDGE('',*,*,#790,.F.);
#1081=ORIENTED_EDGE('',*,*,#791,.F.);
#1082=ORIENTED_EDGE('',*,*,#785,.T.);
#1083=ORIENTED_EDGE('',*,*,#792,.T.);
#1084=ORIENTED_EDGE('',*,*,#793,.F.);
#1085=ORIENTED_EDGE('',*,*,#789,.F.);
#1086=ORIENTED_EDGE('',*,*,#784,.T.);
#1087=ORIENTED_EDGE('',*,*,#794,.T.);
#1088=ORIENTED_EDGE('',*,*,#795,.F.);
#1089=ORIENTED_EDGE('',*,*,#792,.F.);
#1090=ORIENTED_EDGE('',*,*,#787,.T.);
#1091=ORIENTED_EDGE('',*,*,#791,.T.);
#1092=ORIENTED_EDGE('',*,*,#796,.F.);
#1093=ORIENTED_EDGE('',*,*,#797,.F.);
#1094=ORIENTED_EDGE('',*,*,#788,.T.);
#1095=ORIENTED_EDGE('',*,*,#797,.T.);
#1096=ORIENTED_EDGE('',*,*,#798,.F.);
#1097=ORIENTED_EDGE('',*,*,#799,.F.);
#1098=ORIENTED_EDGE('',*,*,#783,.T.);
#1099=ORIENTED_EDGE('',*,*,#799,.T.);
#1100=ORIENTED_EDGE('',*,*,#800,.F.);
#1101=ORIENTED_EDGE('',*,*,#794,.F.);
#1102=ORIENTED_EDGE('',*,*,#695,.F.);
#1103=ORIENTED_EDGE('',*,*,#801,.F.);
#1104=ORIENTED_EDGE('',*,*,#802,.F.);
#1105=ORIENTED_EDGE('',*,*,#803,.T.);
#1106=ORIENTED_EDGE('',*,*,#700,.T.);
#1107=ORIENTED_EDGE('',*,*,#804,.T.);
#1108=ORIENTED_EDGE('',*,*,#802,.T.);
#1109=ORIENTED_EDGE('',*,*,#805,.F.);
#1110=ORIENTED_EDGE('',*,*,#806,.F.);
#1111=ORIENTED_EDGE('',*,*,#633,.F.);
#1112=ORIENTED_EDGE('',*,*,#644,.F.);
#1113=ORIENTED_EDGE('',*,*,#807,.T.);
#1114=ORIENTED_EDGE('',*,*,#806,.T.);
#1115=ORIENTED_EDGE('',*,*,#808,.F.);
#1116=ORIENTED_EDGE('',*,*,#634,.F.);
#1117=ORIENTED_EDGE('',*,*,#808,.T.);
#1118=ORIENTED_EDGE('',*,*,#805,.T.);
#1119=ORIENTED_EDGE('',*,*,#801,.T.);
#1120=ORIENTED_EDGE('',*,*,#694,.F.);
#1121=ORIENTED_EDGE('',*,*,#647,.T.);
#1122=ORIENTED_EDGE('',*,*,#800,.T.);
#1123=ORIENTED_EDGE('',*,*,#798,.T.);
#1124=ORIENTED_EDGE('',*,*,#796,.T.);
#1125=ORIENTED_EDGE('',*,*,#790,.T.);
#1126=ORIENTED_EDGE('',*,*,#793,.T.);
#1127=ORIENTED_EDGE('',*,*,#795,.T.);
#1128=ORIENTED_EDGE('',*,*,#809,.T.);
#1129=ORIENTED_EDGE('',*,*,#721,.T.);
#1130=ORIENTED_EDGE('',*,*,#720,.F.);
#1131=ORIENTED_EDGE('',*,*,#810,.F.);
#1132=ORIENTED_EDGE('',*,*,#676,.F.);
#1133=ORIENTED_EDGE('',*,*,#675,.F.);
#1134=ORIENTED_EDGE('',*,*,#725,.F.);
#1135=ORIENTED_EDGE('',*,*,#688,.T.);
#1136=ORIENTED_EDGE('',*,*,#693,.F.);
#1137=ORIENTED_EDGE('',*,*,#810,.T.);
#1138=ORIENTED_EDGE('',*,*,#772,.F.);
#1139=ORIENTED_EDGE('',*,*,#811,.F.);
#1140=ORIENTED_EDGE('',*,*,#812,.T.);
#1141=ORIENTED_EDGE('',*,*,#813,.T.);
#1142=ORIENTED_EDGE('',*,*,#733,.T.);
#1143=ORIENTED_EDGE('',*,*,#738,.F.);
#1144=ORIENTED_EDGE('',*,*,#759,.F.);
#1145=ORIENTED_EDGE('',*,*,#752,.F.);
#1146=ORIENTED_EDGE('',*,*,#742,.F.);
#1147=ORIENTED_EDGE('',*,*,#773,.T.);
#1148=ORIENTED_EDGE('',*,*,#778,.F.);
#1149=ORIENTED_EDGE('',*,*,#777,.F.);
#1150=ORIENTED_EDGE('',*,*,#814,.T.);
#1151=ORIENTED_EDGE('',*,*,#815,.T.);
#1152=ORIENTED_EDGE('',*,*,#816,.T.);
#1153=ORIENTED_EDGE('',*,*,#741,.T.);
#1154=ORIENTED_EDGE('',*,*,#770,.F.);
#1155=ORIENTED_EDGE('',*,*,#768,.F.);
#1156=ORIENTED_EDGE('',*,*,#760,.F.);
#1157=ORIENTED_EDGE('',*,*,#817,.T.);
#1158=ORIENTED_EDGE('',*,*,#757,.T.);
#1159=ORIENTED_EDGE('',*,*,#756,.F.);
#1160=ORIENTED_EDGE('',*,*,#713,.F.);
#1161=ORIENTED_EDGE('',*,*,#818,.F.);
#1162=ORIENTED_EDGE('',*,*,#819,.T.);
#1163=ORIENTED_EDGE('',*,*,#818,.T.);
#1164=ORIENTED_EDGE('',*,*,#712,.F.);
#1165=ORIENTED_EDGE('',*,*,#816,.F.);
#1166=ORIENTED_EDGE('',*,*,#815,.F.);
#1167=ORIENTED_EDGE('',*,*,#708,.F.);
#1168=ORIENTED_EDGE('',*,*,#718,.F.);
#1169=ORIENTED_EDGE('',*,*,#730,.F.);
#1170=ORIENTED_EDGE('',*,*,#820,.T.);
#1171=ORIENTED_EDGE('',*,*,#691,.T.);
#1172=ORIENTED_EDGE('',*,*,#727,.F.);
#1173=ORIENTED_EDGE('',*,*,#715,.F.);
#1174=ORIENTED_EDGE('',*,*,#813,.F.);
#1175=ORIENTED_EDGE('',*,*,#812,.F.);
#1176=ORIENTED_EDGE('',*,*,#821,.F.);
#1177=ORIENTED_EDGE('',*,*,#782,.T.);
#1178=ORIENTED_EDGE('',*,*,#781,.T.);
#1179=ORIENTED_EDGE('',*,*,#731,.T.);
#1180=ORIENTED_EDGE('',*,*,#822,.F.);
#1181=ORIENTED_EDGE('',*,*,#823,.F.);
#1182=ORIENTED_EDGE('',*,*,#824,.F.);
#1183=ORIENTED_EDGE('',*,*,#825,.F.);
#1184=ORIENTED_EDGE('',*,*,#826,.F.);
#1185=ORIENTED_EDGE('',*,*,#827,.F.);
#1186=ORIENTED_EDGE('',*,*,#825,.T.);
#1187=ORIENTED_EDGE('',*,*,#828,.T.);
#1188=ORIENTED_EDGE('',*,*,#668,.F.);
#1189=ORIENTED_EDGE('',*,*,#829,.F.);
#1190=ORIENTED_EDGE('',*,*,#824,.T.);
#1191=ORIENTED_EDGE('',*,*,#830,.T.);
#1192=ORIENTED_EDGE('',*,*,#669,.F.);
#1193=ORIENTED_EDGE('',*,*,#828,.F.);
#1194=ORIENTED_EDGE('',*,*,#823,.T.);
#1195=ORIENTED_EDGE('',*,*,#831,.T.);
#1196=ORIENTED_EDGE('',*,*,#670,.F.);
#1197=ORIENTED_EDGE('',*,*,#830,.F.);
#1198=ORIENTED_EDGE('',*,*,#826,.T.);
#1199=ORIENTED_EDGE('',*,*,#829,.T.);
#1200=ORIENTED_EDGE('',*,*,#667,.F.);
#1201=ORIENTED_EDGE('',*,*,#832,.F.);
#1202=ORIENTED_EDGE('',*,*,#827,.T.);
#1203=ORIENTED_EDGE('',*,*,#832,.T.);
#1204=ORIENTED_EDGE('',*,*,#666,.F.);
#1205=ORIENTED_EDGE('',*,*,#833,.F.);
#1206=ORIENTED_EDGE('',*,*,#822,.T.);
#1207=ORIENTED_EDGE('',*,*,#833,.T.);
#1208=ORIENTED_EDGE('',*,*,#665,.F.);
#1209=ORIENTED_EDGE('',*,*,#831,.F.);
#1210=ORIENTED_EDGE('',*,*,#657,.F.);
#1211=ORIENTED_EDGE('',*,*,#664,.F.);
#1212=ORIENTED_EDGE('',*,*,#834,.F.);
#1213=ORIENTED_EDGE('',*,*,#835,.T.);
#1214=ORIENTED_EDGE('',*,*,#775,.T.);
#1215=ORIENTED_EDGE('',*,*,#836,.T.);
#1216=ORIENTED_EDGE('',*,*,#834,.T.);
#1217=ORIENTED_EDGE('',*,*,#663,.F.);
#1218=ORIENTED_EDGE('',*,*,#686,.F.);
#1219=ORIENTED_EDGE('',*,*,#758,.F.);
#1220=ORIENTED_EDGE('',*,*,#817,.F.);
#1221=ORIENTED_EDGE('',*,*,#819,.F.);
#1222=ORIENTED_EDGE('',*,*,#814,.F.);
#1223=ORIENTED_EDGE('',*,*,#776,.F.);
#1224=ORIENTED_EDGE('',*,*,#835,.F.);
#1225=ORIENTED_EDGE('',*,*,#836,.F.);
#1226=ORIENTED_EDGE('',*,*,#685,.F.);
#1227=ORIENTED_EDGE('',*,*,#692,.F.);
#1228=ORIENTED_EDGE('',*,*,#820,.F.);
#1229=ORIENTED_EDGE('',*,*,#729,.F.);
#1230=ORIENTED_EDGE('',*,*,#701,.F.);
#1231=ORIENTED_EDGE('',*,*,#803,.F.);
#1232=ORIENTED_EDGE('',*,*,#804,.F.);
#1233=ORIENTED_EDGE('',*,*,#807,.F.);
#1234=ORIENTED_EDGE('',*,*,#643,.F.);
#1235=ORIENTED_EDGE('',*,*,#771,.T.);
#1236=ORIENTED_EDGE('',*,*,#652,.T.);
#1237=ORIENTED_EDGE('',*,*,#779,.T.);
#1238=ORIENTED_EDGE('',*,*,#821,.T.);
#1239=ORIENTED_EDGE('',*,*,#811,.T.);
#1240=ORIENTED_EDGE('',*,*,#774,.F.);
#1241=ORIENTED_EDGE('',*,*,#765,.F.);
#1242=ORIENTED_EDGE('',*,*,#722,.F.);
#1243=ORIENTED_EDGE('',*,*,#809,.F.);
#1244=ORIENTED_EDGE('',*,*,#674,.F.);
#1245=CYLINDRICAL_SURFACE('',#1349,16.);
#1246=CYLINDRICAL_SURFACE('',#1350,32.);
#1247=CYLINDRICAL_SURFACE('',#1351,16.);
#1248=CYLINDRICAL_SURFACE('',#1353,32.);
#1249=CYLINDRICAL_SURFACE('',#1354,32.);
#1250=CYLINDRICAL_SURFACE('',#1355,48.);
#1251=CYLINDRICAL_SURFACE('',#1356,32.);
#1252=CYLINDRICAL_SURFACE('',#1357,48.);
#1253=CYLINDRICAL_SURFACE('',#1358,24.);
#1254=CYLINDRICAL_SURFACE('',#1360,32.);
#1255=CYLINDRICAL_SURFACE('',#1361,24.);
#1256=CYLINDRICAL_SURFACE('',#1362,32.);
#1257=CYLINDRICAL_SURFACE('',#1363,4.);
#1258=CYLINDRICAL_SURFACE('',#1364,6.);
#1259=CYLINDRICAL_SURFACE('',#1365,4.);
#1260=CYLINDRICAL_SURFACE('',#1366,10.);
#1261=CYLINDRICAL_SURFACE('',#1368,10.);
#1262=CYLINDRICAL_SURFACE('',#1370,9.);
#1263=CYLINDRICAL_SURFACE('',#1372,9.);
#1264=CYLINDRICAL_SURFACE('',#1374,6.);
#1265=ADVANCED_FACE('',(#69),#1245,.T.);
#1266=ADVANCED_FACE('',(#70),#37,.T.);
#1267=ADVANCED_FACE('',(#71),#1246,.F.);
#1268=ADVANCED_FACE('',(#72),#38,.T.);
#1269=ADVANCED_FACE('',(#73),#1247,.T.);
#1270=ADVANCED_FACE('',(#74,#15),#19,.T.);
#1271=ADVANCED_FACE('',(#75),#39,.T.);
#1272=ADVANCED_FACE('',(#76),#1248,.F.);
#1273=ADVANCED_FACE('',(#77),#1249,.T.);
#1274=ADVANCED_FACE('',(#78),#40,.T.);
#1275=ADVANCED_FACE('',(#79),#41,.T.);
#1276=ADVANCED_FACE('',(#80),#1250,.F.);
#1277=ADVANCED_FACE('',(#81),#1251,.T.);
#1278=ADVANCED_FACE('',(#82),#1252,.F.);
#1279=ADVANCED_FACE('',(#83),#42,.T.);
#1280=ADVANCED_FACE('',(#84),#1253,.T.);
#1281=ADVANCED_FACE('',(#85),#20,.T.);
#1282=ADVANCED_FACE('',(#86),#43,.T.);
#1283=ADVANCED_FACE('',(#87),#1254,.F.);
#1284=ADVANCED_FACE('',(#88),#1255,.T.);
#1285=ADVANCED_FACE('',(#89),#44,.T.);
#1286=ADVANCED_FACE('',(#90),#1256,.F.);
#1287=ADVANCED_FACE('',(#91),#1257,.F.);
#1288=ADVANCED_FACE('',(#92),#1258,.T.);
#1289=ADVANCED_FACE('',(#93),#1259,.F.);
#1290=ADVANCED_FACE('',(#94),#1260,.F.);
#1291=ADVANCED_FACE('',(#95),#21,.T.);
#1292=ADVANCED_FACE('',(#96),#1261,.F.);
#1293=ADVANCED_FACE('',(#97),#22,.T.);
#1294=ADVANCED_FACE('',(#98),#1262,.T.);
#1295=ADVANCED_FACE('',(#99),#45,.T.);
#1296=ADVANCED_FACE('',(#100),#23,.T.);
#1297=ADVANCED_FACE('',(#101),#1263,.T.);
#1298=ADVANCED_FACE('',(#102),#46,.T.);
#1299=ADVANCED_FACE('',(#103),#24,.T.);
#1300=ADVANCED_FACE('',(#104),#1264,.T.);
#1301=ADVANCED_FACE('',(#105),#47,.T.);
#1302=ADVANCED_FACE('',(#106),#48,.T.);
#1303=ADVANCED_FACE('',(#107),#49,.T.);
#1304=ADVANCED_FACE('',(#108),#50,.T.);
#1305=ADVANCED_FACE('',(#109),#25,.T.);
#1306=ADVANCED_FACE('',(#110),#26,.T.);
#1307=ADVANCED_FACE('',(#111),#27,.T.);
#1308=ADVANCED_FACE('',(#112),#51,.T.);
#1309=ADVANCED_FACE('',(#113),#52,.T.);
#1310=ADVANCED_FACE('',(#114),#53,.T.);
#1311=ADVANCED_FACE('',(#115),#54,.T.);
#1312=ADVANCED_FACE('',(#116),#28,.T.);
#1313=ADVANCED_FACE('',(#117),#55,.T.);
#1314=ADVANCED_FACE('',(#118),#29,.T.);
#1315=ADVANCED_FACE('',(#119),#56,.T.);
#1316=ADVANCED_FACE('',(#120,#16),#30,.T.);
#1317=ADVANCED_FACE('',(#121),#57,.T.);
#1318=ADVANCED_FACE('',(#122),#31,.T.);
#1319=ADVANCED_FACE('',(#123),#58,.T.);
#1320=ADVANCED_FACE('',(#124),#59,.T.);
#1321=ADVANCED_FACE('',(#125),#60,.T.);
#1322=ADVANCED_FACE('',(#126),#61,.T.);
#1323=ADVANCED_FACE('',(#127),#62,.T.);
#1324=ADVANCED_FACE('',(#128),#63,.T.);
#1325=ADVANCED_FACE('',(#129),#32,.T.);
#1326=ADVANCED_FACE('',(#130),#64,.T.);
#1327=ADVANCED_FACE('',(#131),#33,.T.);
#1328=ADVANCED_FACE('',(#132),#65,.T.);
#1329=ADVANCED_FACE('',(#133),#66,.T.);
#1330=ADVANCED_FACE('',(#134),#34,.T.);
#1331=ADVANCED_FACE('',(#135),#67,.T.);
#1332=ADVANCED_FACE('',(#136),#68,.T.);
#1333=ADVANCED_FACE('',(#137),#35,.T.);
#1334=ADVANCED_FACE('',(#138,#17,#18),#36,.F.);
#1335=CLOSED_SHELL('',(#1265,#1266,#1267,#1268,#1269,#1270,#1271,#1272,
#1273,#1274,#1275,#1276,#1277,#1278,#1279,#1280,#1281,#1282,#1283,#1284,
#1285,#1286,#1287,#1288,#1289,#1290,#1291,#1292,#1293,#1294,#1295,#1296,
#1297,#1298,#1299,#1300,#1301,#1302,#1303,#1304,#1305,#1306,#1307,#1308,
#1309,#1310,#1311,#1312,#1313,#1314,#1315,#1316,#1317,#1318,#1319,#1320,
#1321,#1322,#1323,#1324,#1325,#1326,#1327,#1328,#1329,#1330,#1331,#1332,
#1333,#1334));
#1336=DERIVED_UNIT_ELEMENT(#1338,1.);
#1337=DERIVED_UNIT_ELEMENT(#3137,-3.);
#1338=(
MASS_UNIT()
NAMED_UNIT(*)
SI_UNIT(.KILO.,.GRAM.)
);
#1339=DERIVED_UNIT((#1336,#1337));
#1340=MEASURE_REPRESENTATION_ITEM('density measure',
POSITIVE_RATIO_MEASURE(7850.),#1339);
#1341=PROPERTY_DEFINITION_REPRESENTATION(#1346,#1343);
#1342=PROPERTY_DEFINITION_REPRESENTATION(#1347,#1344);
#1343=REPRESENTATION('material name',(#1345),#3134);
#1344=REPRESENTATION('density',(#1340),#3134);
#1345=DESCRIPTIVE_REPRESENTATION_ITEM('Steel','Steel');
#1346=PROPERTY_DEFINITION('material property','material name',#3144);
#1347=PROPERTY_DEFINITION('material property','density of part',#3144);
#1348=AXIS2_PLACEMENT_3D('',#1545,#1387,#1388);
#1349=AXIS2_PLACEMENT_3D('',#1546,#1389,#1390);
#1350=AXIS2_PLACEMENT_3D('',#1657,#1395,#1396);
#1351=AXIS2_PLACEMENT_3D('',#1746,#1400,#1401);
#1352=AXIS2_PLACEMENT_3D('',#1786,#1404,#1405);
#1353=AXIS2_PLACEMENT_3D('',#1892,#1412,#1413);
#1354=AXIS2_PLACEMENT_3D('',#1901,#1415,#1416);
#1355=AXIS2_PLACEMENT_3D('',#1997,#1421,#1422);
#1356=AXIS2_PLACEMENT_3D('',#1999,#1424,#1425);
#1357=AXIS2_PLACEMENT_3D('',#2015,#1428,#1429);
#1358=AXIS2_PLACEMENT_3D('',#2119,#1433,#1434);
#1359=AXIS2_PLACEMENT_3D('',#2139,#1437,#1438);
#1360=AXIS2_PLACEMENT_3D('',#2230,#1444,#1445);
#1361=AXIS2_PLACEMENT_3D('',#2232,#1447,#1448);
#1362=AXIS2_PLACEMENT_3D('',#2269,#1451,#1452);
#1363=AXIS2_PLACEMENT_3D('',#2280,#1454,#1455);
#1364=AXIS2_PLACEMENT_3D('',#2327,#1457,#1458);
#1365=AXIS2_PLACEMENT_3D('',#2351,#1460,#1461);
#1366=AXIS2_PLACEMENT_3D('',#2379,#1463,#1464);
#1367=AXIS2_PLACEMENT_3D('',#2394,#1467,#1468);
#1368=AXIS2_PLACEMENT_3D('',#2402,#1469,#1470);
#1369=AXIS2_PLACEMENT_3D('',#2426,#1473,#1474);
#1370=AXIS2_PLACEMENT_3D('',#2440,#1475,#1476);
#1371=AXIS2_PLACEMENT_3D('',#2501,#1479,#1480);
#1372=AXIS2_PLACEMENT_3D('',#2506,#1481,#1482);
#1373=AXIS2_PLACEMENT_3D('',#2572,#1485,#1486);
#1374=AXIS2_PLACEMENT_3D('',#2579,#1488,#1489);
#1375=AXIS2_PLACEMENT_3D('',#2725,#1494,#1495);
#1376=AXIS2_PLACEMENT_3D('',#2726,#1496,#1497);
#1377=AXIS2_PLACEMENT_3D('',#2751,#1500,#1501);
#1378=AXIS2_PLACEMENT_3D('',#2813,#1509,#1510);
#1379=AXIS2_PLACEMENT_3D('',#2842,#1513,#1514);
#1380=AXIS2_PLACEMENT_3D('',#2864,#1518,#1519);
#1381=AXIS2_PLACEMENT_3D('',#2893,#1520,#1521);
#1382=AXIS2_PLACEMENT_3D('',#3050,#1525,#1526);
#1383=AXIS2_PLACEMENT_3D('',#3085,#1531,#1532);
#1384=AXIS2_PLACEMENT_3D('',#3105,#1536,#1537);
#1385=AXIS2_PLACEMENT_3D('',#3129,#1540,#1541);
#1386=AXIS2_PLACEMENT_3D('',#3131,#1543,#1544);
#1387=DIRECTION('axis',(0.,0.,1.));
#1388=DIRECTION('refdir',(1.,0.,0.));
#1389=DIRECTION('center_axis',(0.996815278536125,-0.07974522228289,0.));
#1390=DIRECTION('ref_axis',(-0.0092798452191834,-0.115998065239792,0.993206088046853));
#1391=DIRECTION('',(-0.996815278536125,0.0797452222828899,0.));
#1392=DIRECTION('',(0.996815278536125,-0.0797452222828899,0.));
#1393=DIRECTION('',(0.,0.,1.));
#1394=DIRECTION('',(0.,0.,1.));
#1395=DIRECTION('center_axis',(-0.996815278536125,0.07974522228289,0.));
#1396=DIRECTION('ref_axis',(0.0224988407226523,0.281235509033153,-0.959375));
#1397=DIRECTION('',(0.996815278536125,-0.07974522228289,0.));
#1398=DIRECTION('',(0.,0.,1.));
#1399=DIRECTION('',(0.,0.,1.));
#1400=DIRECTION('center_axis',(0.930305964910608,0.366784421222798,0.));
#1401=DIRECTION('ref_axis',(0.042682214185584,-0.108258465068016,0.993206088046853));
#1402=DIRECTION('',(-0.930305964910608,-0.366784421222798,0.));
#1403=DIRECTION('',(0.930305964910608,0.366784421222798,0.));
#1404=DIRECTION('center_axis',(0.,0.,1.));
#1405=DIRECTION('ref_axis',(1.,0.,0.));
#1406=DIRECTION('',(0.671279432626471,-0.741204373525064,0.));
#1407=DIRECTION('',(0.,-1.,0.));
#1408=DIRECTION('',(0.,1.,0.));
#1409=DIRECTION('',(0.,-1.,0.));
#1410=DIRECTION('',(0.,0.,1.));
#1411=DIRECTION('',(0.,0.,1.));
#1412=DIRECTION('center_axis',(-0.930305964910608,-0.366784421222798,0.));
#1413=DIRECTION('ref_axis',(-0.103482365919902,0.26247096852532,-0.959375));
#1414=DIRECTION('',(0.930305964910608,0.366784421222798,0.));
#1415=DIRECTION('center_axis',(-0.671279432626472,0.741204373525064,0.));
#1416=DIRECTION('ref_axis',(0.0490260610755192,0.0444009609740551,0.997810102173755));
#1417=DIRECTION('',(-0.671279432626471,0.741204373525064,0.));
#1418=DIRECTION('',(0.,0.,1.));
#1419=DIRECTION('',(0.,0.,1.));
#1420=DIRECTION('',(0.,0.,1.));
#1421=DIRECTION('center_axis',(0.671279432626472,-0.741204373525064,0.));
#1422=DIRECTION('ref_axis',(-0.126122394129704,-0.114224055060864,-0.985416666666667));
#1423=DIRECTION('',(-0.671279432626472,0.741204373525064,0.));
#1424=DIRECTION('center_axis',(-0.671279432626472,-0.741204373525064,0.));
#1425=DIRECTION('ref_axis',(-0.0490260610755186,0.0444009609740546,0.997810102173755));
#1426=DIRECTION('',(0.671279432626472,0.741204373525064,0.));
#1427=DIRECTION('',(-0.671279432626472,-0.741204373525064,0.));
#1428=DIRECTION('center_axis',(0.671279432626472,0.741204373525064,0.));
#1429=DIRECTION('ref_axis',(0.126122394129704,-0.114224055060864,-0.985416666666667));
#1430=DIRECTION('',(-0.671279432626472,-0.741204373525064,0.));
#1431=DIRECTION('',(0.,0.,1.));
#1432=DIRECTION('',(0.,0.,1.));
#1433=DIRECTION('center_axis',(-0.954758063246213,-0.297383659043902,0.));
#1434=DIRECTION('ref_axis',(-0.0198697815101339,0.063792456427272,0.997765360335642));
#1435=DIRECTION('',(0.954758063246213,0.297383659043902,0.));
#1436=DIRECTION('',(-0.954758063246213,-0.297383659043902,0.));
#1437=DIRECTION('center_axis',(0.,0.,1.));
#1438=DIRECTION('ref_axis',(1.,0.,0.));
#1439=DIRECTION('',(-0.969334087965203,0.245746670188361,0.));
#1440=DIRECTION('',(-0.969334087965203,-0.245746670188361,0.));
#1441=DIRECTION('',(0.954758063246213,-0.297383659043902,0.));
#1442=DIRECTION('',(0.,0.,1.));
#1443=DIRECTION('',(0.,0.,1.));
#1444=DIRECTION('center_axis',(0.954758063246213,0.297383659043902,0.));
#1445=DIRECTION('ref_axis',(0.0523647443079949,-0.168118389620405,-0.984375));
#1446=DIRECTION('',(-0.954758063246213,-0.297383659043902,0.));
#1447=DIRECTION('center_axis',(-0.954758063246213,0.297383659043902,0.));
#1448=DIRECTION('ref_axis',(0.0198697815101336,0.063792456427271,0.997765360335642));
#1449=DIRECTION('',(-0.954758063246213,0.297383659043902,0.));
#1450=DIRECTION('',(0.,0.,1.));
#1451=DIRECTION('center_axis',(0.954758063246213,-0.297383659043902,0.));
#1452=DIRECTION('ref_axis',(-0.0523647443079949,-0.168118389620405,-0.984375));
#1453=DIRECTION('',(-0.954758063246213,0.297383659043902,0.));
#1454=DIRECTION('center_axis',(0.969334087965203,0.245746670188361,0.));
#1455=DIRECTION('ref_axis',(0.119130118309925,-0.469902133333595,-0.874642784226795));
#1456=DIRECTION('',(0.969334087965203,0.245746670188361,0.));
#1457=DIRECTION('center_axis',(0.969334087965203,0.245746670188361,0.));
#1458=DIRECTION('ref_axis',(-0.239909116063098,0.946308180026665,0.216666666666666));
#1459=DIRECTION('',(0.969334087965203,0.245746670188361,0.));
#1460=DIRECTION('center_axis',(0.969334087965203,-0.245746670188361,0.));
#1461=DIRECTION('ref_axis',(-0.119130118309925,-0.469902133333594,-0.874642784226795));
#1462=DIRECTION('',(0.969334087965203,-0.245746670188361,0.));
#1463=DIRECTION('center_axis',(0.707106781186548,0.707106781186547,0.));
#1464=DIRECTION('ref_axis',(-0.276253125726541,0.276253125726541,-0.920526165327543));
#1465=DIRECTION('',(-0.707106781186548,-0.707106781186547,0.));
#1466=DIRECTION('',(0.707106781186548,0.707106781186547,0.));
#1467=DIRECTION('center_axis',(0.,0.,1.));
#1468=DIRECTION('ref_axis',(1.,0.,0.));
#1469=DIRECTION('center_axis',(0.707106781186548,-0.707106781186547,0.));
#1470=DIRECTION('ref_axis',(0.276253125726541,0.276253125726541,-0.920526165327543));
#1471=DIRECTION('',(-0.707106781186548,0.707106781186547,0.));
#1472=DIRECTION('',(0.707106781186548,-0.707106781186547,0.));
#1473=DIRECTION('center_axis',(0.,0.,1.));
#1474=DIRECTION('ref_axis',(1.,0.,0.));
#1475=DIRECTION('center_axis',(-0.707106781186548,-0.707106781186547,0.));
#1476=DIRECTION('ref_axis',(0.660900993687246,-0.660900993687247,0.355555555555556));
#1477=DIRECTION('',(-0.707106781186548,-0.707106781186547,0.));
#1478=DIRECTION('',(0.,0.,1.));
#1479=DIRECTION('center_axis',(0.,0.,1.));
#1480=DIRECTION('ref_axis',(1.,0.,0.));
#1481=DIRECTION('center_axis',(-0.707106781186548,0.707106781186547,0.));
#1482=DIRECTION('ref_axis',(-0.660900993687246,-0.660900993687247,0.355555555555556));
#1483=DIRECTION('',(-0.707106781186548,0.707106781186547,0.));
#1484=DIRECTION('',(0.,0.,1.));
#1485=DIRECTION('center_axis',(0.,0.,1.));
#1486=DIRECTION('ref_axis',(1.,0.,0.));
#1487=DIRECTION('',(0.969334087965203,-0.245746670188361,0.));
#1488=DIRECTION('center_axis',(0.969334087965203,-0.245746670188361,0.));
#1489=DIRECTION('ref_axis',(0.239909116063098,0.946308180026665,0.216666666666667));
#1490=DIRECTION('',(0.,0.,1.));
#1491=DIRECTION('',(0.,0.,1.));
#1492=DIRECTION('',(0.,0.,1.));
#1493=DIRECTION('',(0.,0.,1.));
#1494=DIRECTION('center_axis',(0.,0.,1.));
#1495=DIRECTION('ref_axis',(1.,0.,0.));
#1496=DIRECTION('center_axis',(0.,0.,1.));
#1497=DIRECTION('ref_axis',(1.,0.,0.));
#1498=DIRECTION('',(0.,-1.,0.));
#1499=DIRECTION('',(0.,1.,0.));
#1500=DIRECTION('center_axis',(1.,0.,0.));
#1501=DIRECTION('ref_axis',(0.,1.,0.));
#1502=DIRECTION('',(0.,0.,1.));
#1503=DIRECTION('',(0.,1.,0.));
#1504=DIRECTION('',(0.,0.,1.));
#1505=DIRECTION('',(0.,0.,1.));
#1506=DIRECTION('',(0.,0.,1.));
#1507=DIRECTION('',(0.,0.,1.));
#1508=DIRECTION('',(0.,0.,1.));
#1509=DIRECTION('center_axis',(-1.,0.,0.));
#1510=DIRECTION('ref_axis',(0.,-1.,0.));
#1511=DIRECTION('',(0.,-1.,0.));
#1512=DIRECTION('',(0.,0.,1.));
#1513=DIRECTION('center_axis',(1.,0.,0.));
#1514=DIRECTION('ref_axis',(0.,1.,0.));
#1515=DIRECTION('',(0.,1.,0.));
#1516=DIRECTION('',(0.,1.,0.));
#1517=DIRECTION('',(0.,0.,1.));
#1518=DIRECTION('center_axis',(0.,0.,1.));
#1519=DIRECTION('ref_axis',(1.,0.,0.));
#1520=DIRECTION('center_axis',(0.,0.,1.));
#1521=DIRECTION('ref_axis',(1.,0.,0.));
#1522=DIRECTION('',(0.,0.,1.));
#1523=DIRECTION('',(0.,0.,1.));
#1524=DIRECTION('',(0.,0.,1.));
#1525=DIRECTION('center_axis',(0.,0.,1.));
#1526=DIRECTION('ref_axis',(1.,0.,0.));
#1527=DIRECTION('',(0.,-1.,0.));
#1528=DIRECTION('',(0.,1.,0.));
#1529=DIRECTION('',(0.,0.,1.));
#1530=DIRECTION('',(0.,0.,1.));
#1531=DIRECTION('center_axis',(-1.,0.,0.));
#1532=DIRECTION('ref_axis',(0.,-1.,0.));
#1533=DIRECTION('',(0.,0.,1.));
#1534=DIRECTION('',(0.,0.,1.));
#1535=DIRECTION('',(0.,0.,1.));
#1536=DIRECTION('center_axis',(1.,0.,0.));
#1537=DIRECTION('ref_axis',(0.,1.,0.));
#1538=DIRECTION('',(0.,0.,1.));
#1539=DIRECTION('',(0.,0.,1.));
#1540=DIRECTION('center_axis',(-1.,0.,0.));
#1541=DIRECTION('ref_axis',(0.,-1.,0.));
#1542=DIRECTION('',(0.,-1.,0.));
#1543=DIRECTION('center_axis',(0.,0.,1.));
#1544=DIRECTION('ref_axis',(1.,0.,0.));
#1545=CARTESIAN_POINT('',(0.,0.,0.));
#1546=CARTESIAN_POINT('Origin',(59.671754382816,-1.7146978946841,-10.5));
#1547=CARTESIAN_POINT('',(56.8256109494848,-3.56081663463404,5.36589614759058));
#1548=CARTESIAN_POINT('',(58.6560671302172,-1.63344291447619,5.5));
#1549=CARTESIAN_POINT('Ctrl Pts',(56.8256109494853,-3.56081663463334,5.36589614759068));
#1550=CARTESIAN_POINT('Ctrl Pts',(57.3619543424316,-2.85322888620566,5.46336855765318));
#1551=CARTESIAN_POINT('Ctrl Pts',(57.9741245868562,-2.19880111864919,5.50000000000001));
#1552=CARTESIAN_POINT('Ctrl Pts',(58.6560671302172,-1.63344291447619,5.50000000000001));
#1553=CARTESIAN_POINT('',(51.9683017796308,-1.09842168642928,5.5));
#1554=CARTESIAN_POINT('',(59.671754382816,-1.7146978946841,5.5));
#1555=CARTESIAN_POINT('',(51.7214116356211,-4.78898498688427,5.06666666666669));
#1556=CARTESIAN_POINT('Ctrl Pts',(51.9683017796308,-1.09842168642929,5.50000000000001));
#1557=CARTESIAN_POINT('Ctrl Pts',(51.9659155493192,-1.18348607259784,5.50000000000001));
#1558=CARTESIAN_POINT('Ctrl Pts',(51.963297965386,-1.26854666090081,5.49932291359492));
#1559=CARTESIAN_POINT('Ctrl Pts',(51.949707680776,-1.67449362268745,5.49285597545173));
#1560=CARTESIAN_POINT('Ctrl Pts',(51.9357021115961,-1.99502881204835,5.47809755353004));
#1561=CARTESIAN_POINT('Ctrl Pts',(51.8905844531196,-2.83508958425678,5.41397453256667));
#1562=CARTESIAN_POINT('Ctrl Pts',(51.8542926776198,-3.3525960444959,5.34875912066617));
#1563=CARTESIAN_POINT('Ctrl Pts',(51.783334381217,-4.17573447059333,5.20349261292168));
#1564=CARTESIAN_POINT('Ctrl Pts',(51.7537361958245,-4.48372397075202,5.13957536922817));
#1565=CARTESIAN_POINT('Ctrl Pts',(51.7214116356211,-4.78898498688427,5.06666666666667));
#1566=CARTESIAN_POINT('',(55.8114959338372,-5.11619173074157,5.06666666666668));
#1567=CARTESIAN_POINT('',(59.3768168222456,-5.40141740181425,5.06666666666668));
#1568=CARTESIAN_POINT('Ctrl Pts',(55.8114959338372,-5.11619173074157,5.06666666666667));
#1569=CARTESIAN_POINT('Ctrl Pts',(56.1108969942857,-4.57985720363167,5.19936171475089));
#1570=CARTESIAN_POINT('Ctrl Pts',(56.4480093429224,-4.05897933059338,5.29727268896473));
#1571=CARTESIAN_POINT('Ctrl Pts',(56.8256109494853,-3.56081663463334,5.36589614759068));
#1572=CARTESIAN_POINT('Ctrl Pts',(0.,0.,-17.4678932986112));
#1573=CARTESIAN_POINT('Ctrl Pts',(0.,0.,27.4278932986112));
#1574=CARTESIAN_POINT('Ctrl Pts',(1.54703865607448,0.00707903985126823,
-17.4678932986112));
#1575=CARTESIAN_POINT('Ctrl Pts',(1.54703865607448,0.00707903985126823,
27.4278932986112));
#1576=CARTESIAN_POINT('Ctrl Pts',(3.04679426145315,-0.0277461030135945,
-17.4678932986112));
#1577=CARTESIAN_POINT('Ctrl Pts',(3.04679426145315,-0.0277461030135945,
27.4278932986112));
#1578=CARTESIAN_POINT('Ctrl Pts',(5.61082879933322,-4.63263397013311,-17.4678932986112));
#1579=CARTESIAN_POINT('Ctrl Pts',(5.61082879933322,-4.63263397013311,27.4278932986112));
#1580=CARTESIAN_POINT('Ctrl Pts',(9.02371527574127,-18.9969521303796,-17.4678932986112));
#1581=CARTESIAN_POINT('Ctrl Pts',(9.02371527574127,-18.9969521303796,27.4278932986112));
#1582=CARTESIAN_POINT('Ctrl Pts',(23.9173322970179,-24.1226774688709,-17.4678932986112));
#1583=CARTESIAN_POINT('Ctrl Pts',(23.9173322970179,-24.1226774688709,27.4278932986112));
#1584=CARTESIAN_POINT('Ctrl Pts',(45.0451538906827,-23.5575763212205,-17.4678932986112));
#1585=CARTESIAN_POINT('Ctrl Pts',(45.0451538906827,-23.5575763212205,27.4278932986112));
#1586=CARTESIAN_POINT('Ctrl Pts',(54.4491629457645,-16.8844622012979,-17.4678932986112));
#1587=CARTESIAN_POINT('Ctrl Pts',(54.4491629457645,-16.8844622012979,27.4278932986112));
#1588=CARTESIAN_POINT('Ctrl Pts',(53.6725220947862,-9.36150385277781,-17.4678932986112));
#1589=CARTESIAN_POINT('Ctrl Pts',(53.6725220947862,-9.36150385277781,27.4278932986112));
#1590=CARTESIAN_POINT('Ctrl Pts',(57.3475704506857,-2.01140714097897,-17.4678932986112));
#1591=CARTESIAN_POINT('Ctrl Pts',(57.3475704506857,-2.01140714097897,27.4278932986112));
#1592=CARTESIAN_POINT('Ctrl Pts',(60.1547388781431,-0.327887592804842,-17.4678932986112));
#1593=CARTESIAN_POINT('Ctrl Pts',(60.1547388781431,-0.327887592804842,27.4278932986112));
#1594=CARTESIAN_POINT('Ctrl Pts',(61.5087040618955,-0.134463995125925,-17.4678932986112));
#1595=CARTESIAN_POINT('Ctrl Pts',(61.5087040618955,-0.134463995125925,27.4278932986112));
#1596=CARTESIAN_POINT('Ctrl Pts',(62.1867165434923,-0.0376050691835274,
-17.4678932986112));
#1597=CARTESIAN_POINT('Ctrl Pts',(62.1867165434923,-0.0376050691835274,
27.4278932986112));
#1598=CARTESIAN_POINT('Ctrl Pts',(62.8647290250891,0.0592538567588705,-17.4678932986112));
#1599=CARTESIAN_POINT('Ctrl Pts',(62.8647290250891,0.0592538567588705,27.4278932986112));
#1600=CARTESIAN_POINT('Ctrl Pts',(63.5427415066859,0.156112782701268,-17.4678932986112));
#1601=CARTESIAN_POINT('Ctrl Pts',(63.5427415066859,0.156112782701268,27.4278932986112));
#1602=CARTESIAN_POINT('',(53.8539736073213,-12.3802189685719,4.2));
#1603=CARTESIAN_POINT('Ctrl Pts',(53.8539736073213,-12.3802189685719,4.2));
#1604=CARTESIAN_POINT('Ctrl Pts',(54.1179018837109,-11.1033704696221,4.2));
#1605=CARTESIAN_POINT('Ctrl Pts',(54.3173358250534,-9.87348461266836,4.27931759037954));
#1606=CARTESIAN_POINT('Ctrl Pts',(54.559464497543,-8.73086651360482,4.4139269605255));
#1607=CARTESIAN_POINT('Ctrl Pts',(54.6983036027869,-8.07567738264303,4.49111337680714));
#1608=CARTESIAN_POINT('Ctrl Pts',(54.8489986625451,-7.47418645978964,4.58426407914706));
#1609=CARTESIAN_POINT('Ctrl Pts',(54.9999583561852,-6.98884504159548,4.6702153801016));
#1610=CARTESIAN_POINT('Ctrl Pts',(55.1597445291508,-6.47512614137192,4.76119217734968));
#1611=CARTESIAN_POINT('Ctrl Pts',(55.32495263269,-6.05664277697029,4.84831201887158));
#1612=CARTESIAN_POINT('Ctrl Pts',(55.5100462727359,-5.68645549687839,4.93182689468034));
#1613=CARTESIAN_POINT('Ctrl Pts',(55.6096182603502,-5.48731152164987,4.97675411193952));
#1614=CARTESIAN_POINT('Ctrl Pts',(55.7090965069311,-5.29962577778115,5.02128307030684));
#1615=CARTESIAN_POINT('Ctrl Pts',(55.8114959338372,-5.11619173074157,5.06666666666668));
#1616=CARTESIAN_POINT('',(16.2508730795173,-21.4803780982524,4.2));
#1617=CARTESIAN_POINT('Ctrl Pts',(16.2508730796521,-21.4803780983036,4.2));
#1618=CARTESIAN_POINT('Ctrl Pts',(16.3236970532113,-21.5079947520604,4.2));
#1619=CARTESIAN_POINT('Ctrl Pts',(16.3969133427687,-21.5344813352656,4.2));
#1620=CARTESIAN_POINT('Ctrl Pts',(23.9173322970179,-24.1226774688709,4.2));
#1621=CARTESIAN_POINT('Ctrl Pts',(45.0451538906827,-23.5575763212205,4.2));
#1622=CARTESIAN_POINT('Ctrl Pts',(52.2971627309511,-18.4115282574272,4.2));
#1623=CARTESIAN_POINT('Ctrl Pts',(53.2358205651485,-15.3707578938318,4.2));
#1624=CARTESIAN_POINT('Ctrl Pts',(53.8539736073213,-12.3802189685719,4.2));
#1625=CARTESIAN_POINT('',(10.8233823872553,-16.7359395711223,7.25263157894735));
#1626=CARTESIAN_POINT('Ctrl Pts',(10.8233823872553,-16.7359395711223,7.25263157894735));
#1627=CARTESIAN_POINT('Ctrl Pts',(11.1834124513745,-17.2536935216333,6.61003165293256));
#1628=CARTESIAN_POINT('Ctrl Pts',(11.617736331714,-17.8359374271132,6.03802130331778));
#1629=CARTESIAN_POINT('Ctrl Pts',(12.6481545792732,-19.0089636782241,5.12774243054059));
#1630=CARTESIAN_POINT('Ctrl Pts',(13.2268357481835,-19.5932075905704,4.77890823939184));
#1631=CARTESIAN_POINT('Ctrl Pts',(14.3251999779422,-20.454692843915,4.40576446958182));
#1632=CARTESIAN_POINT('Ctrl Pts',(14.7699047668078,-20.7576379722109,4.30746844744592));
#1633=CARTESIAN_POINT('Ctrl Pts',(15.614872685959,-21.2168812847242,4.21269910039496));
#1634=CARTESIAN_POINT('Ctrl Pts',(15.9464859284025,-21.3649469544958,4.19999999999997));
#1635=CARTESIAN_POINT('Ctrl Pts',(16.2508730795181,-21.4803780982527,4.2));
#1636=CARTESIAN_POINT('',(12.0148396707291,-18.2859638765661,4.19999999999999));
#1637=CARTESIAN_POINT('Ctrl Pts',(10.8233823872553,-16.7359395711223,7.25263157894735));
#1638=CARTESIAN_POINT('Ctrl Pts',(10.8492569177386,-16.7731493536112,7.20644940409228));
#1639=CARTESIAN_POINT('Ctrl Pts',(10.8749755770598,-16.8098964560392,7.15973106562049));
#1640=CARTESIAN_POINT('Ctrl Pts',(11.3568155875639,-17.4940230299802,6.2687179249605));
#1641=CARTESIAN_POINT('Ctrl Pts',(11.7467153019856,-17.9727897570752,5.28050835516478));
#1642=CARTESIAN_POINT('Ctrl Pts',(12.0148396707291,-18.2859638765661,4.19999999999999));
#1643=CARTESIAN_POINT('',(12.0148396707291,-18.2859638765661,-5.59955841712896E-15));
#1644=CARTESIAN_POINT('',(12.0148396707291,-18.2859638765661,-5.59955841712896E-15));
#1645=CARTESIAN_POINT('',(56.8256109494848,-3.56081663463404,-1.11821655743734E-16));
#1646=CARTESIAN_POINT('Ctrl Pts',(12.0148396707291,-18.2859638765661,-5.59955841712896E-15));
#1647=CARTESIAN_POINT('Ctrl Pts',(13.308401488111,-19.7968675108169,-5.44114278321336E-15));
#1648=CARTESIAN_POINT('Ctrl Pts',(14.7862907173931,-20.980176146013,-5.2601535517999E-15));
#1649=CARTESIAN_POINT('Ctrl Pts',(23.9173322970179,-24.1226774688709,-4.14192346746301E-15));
#1650=CARTESIAN_POINT('Ctrl Pts',(45.0451538906827,-23.5575763212205,-1.55451155869921E-15));
#1651=CARTESIAN_POINT('Ctrl Pts',(54.4491629457645,-16.8844622012979,-4.02852599853353E-16));
#1652=CARTESIAN_POINT('Ctrl Pts',(53.6725220947862,-9.36150385277781,-4.97963673077113E-16));
#1653=CARTESIAN_POINT('Ctrl Pts',(55.910820988564,-4.88490606522233,-2.23851115497115E-16));
#1654=CARTESIAN_POINT('Ctrl Pts',(56.3577218251363,-4.17809395428723,-1.6912154759266E-16));
#1655=CARTESIAN_POINT('Ctrl Pts',(56.8256109494848,-3.56081663463403,-1.11821655743734E-16));
#1656=CARTESIAN_POINT('',(56.8256109494848,-3.56081663463404,-1.11821655743734E-16));
#1657=CARTESIAN_POINT('Origin',(58.7869417011048,-12.7748564160745,36.2));
#1658=CARTESIAN_POINT('',(50.2628233253857,-12.092926946017,4.2));
#1659=CARTESIAN_POINT('Ctrl Pts',(51.7214116356211,-4.78898498688427,5.06666666666669));
#1660=CARTESIAN_POINT('Ctrl Pts',(51.609811315949,-5.84289652564596,4.81494987728006));
#1661=CARTESIAN_POINT('Ctrl Pts',(51.461803201161,-6.90530456353752,4.61788031772224));
#1662=CARTESIAN_POINT('Ctrl Pts',(51.0203718910962,-9.35530106751765,4.29027858364029));
#1663=CARTESIAN_POINT('Ctrl Pts',(50.6958347832113,-10.753839779522,4.2));
#1664=CARTESIAN_POINT('Ctrl Pts',(50.2628233253857,-12.092926946017,4.2));
#1665=CARTESIAN_POINT('',(58.7869417011048,-12.7748564160745,4.2));
#1666=CARTESIAN_POINT('Ctrl Pts',(39.6701179716583,15.7627385182437,-17.7278932986112));
#1667=CARTESIAN_POINT('Ctrl Pts',(39.6701179716583,15.7627385182437,27.1678932986112));
#1668=CARTESIAN_POINT('Ctrl Pts',(43.0489983421997,15.3100210011684,-17.7278932986112));
#1669=CARTESIAN_POINT('Ctrl Pts',(43.0489983421997,15.3100210011684,27.1678932986112));
#1670=CARTESIAN_POINT('Ctrl Pts',(45.9399009638933,14.5573851727015,-17.7278932986112));
#1671=CARTESIAN_POINT('Ctrl Pts',(45.9399009638933,14.5573851727015,27.1678932986112));
#1672=CARTESIAN_POINT('Ctrl Pts',(47.7286654578742,13.5060973429023,-17.7278932986112));
#1673=CARTESIAN_POINT('Ctrl Pts',(47.7286654578742,13.5060973429023,27.1678932986112));
#1674=CARTESIAN_POINT('Ctrl Pts',(48.0493588928664,13.3176202647636,-17.7278932986112));
#1675=CARTESIAN_POINT('Ctrl Pts',(48.0493588928664,13.3176202647636,27.1678932986112));
#1676=CARTESIAN_POINT('Ctrl Pts',(48.3346273298817,13.1195438938711,-17.7278932986112));
#1677=CARTESIAN_POINT('Ctrl Pts',(48.3346273298817,13.1195438938711,27.1678932986112));
#1678=CARTESIAN_POINT('Ctrl Pts',(48.5809316715899,12.9118755273329,-17.7278932986112));
#1679=CARTESIAN_POINT('Ctrl Pts',(48.5809316715899,12.9118755273329,27.1678932986112));
#1680=CARTESIAN_POINT('Ctrl Pts',(54.0684787707064,8.28512013003858,-17.7278932986112));
#1681=CARTESIAN_POINT('Ctrl Pts',(54.0684787707064,8.28512013003858,27.1678932986112));
#1682=CARTESIAN_POINT('Ctrl Pts',(52.31999562638,-13.1001737121065,-17.7278932986112));
#1683=CARTESIAN_POINT('Ctrl Pts',(52.31999562638,-13.1001737121065,27.1678932986112));
#1684=CARTESIAN_POINT('Ctrl Pts',(47.6125410070399,-16.7854381855327,-17.7278932986112));
#1685=CARTESIAN_POINT('Ctrl Pts',(47.6125410070399,-16.7854381855327,27.1678932986112));
#1686=CARTESIAN_POINT('Ctrl Pts',(42.9050863876998,-20.470702658959,-17.7278932986112));
#1687=CARTESIAN_POINT('Ctrl Pts',(42.9050863876998,-20.470702658959,27.1678932986112));
#1688=CARTESIAN_POINT('Ctrl Pts',(21.3045946200992,-21.5735920269186,-17.7278932986112));
#1689=CARTESIAN_POINT('Ctrl Pts',(21.3045946200992,-21.5735920269186,27.1678932986112));
#1690=CARTESIAN_POINT('Ctrl Pts',(15.8170475209828,-16.9468366296244,-17.7278932986112));
#1691=CARTESIAN_POINT('Ctrl Pts',(15.8170475209828,-16.9468366296244,27.1678932986112));
#1692=CARTESIAN_POINT('Ctrl Pts',(10.3295004218663,-12.3200812323301,-17.7278932986112));
#1693=CARTESIAN_POINT('Ctrl Pts',(10.3295004218663,-12.3200812323301,27.1678932986112));
#1694=CARTESIAN_POINT('Ctrl Pts',(8.20442090799276,7.45122816889834,-17.7278932986112));
#1695=CARTESIAN_POINT('Ctrl Pts',(8.20442090799276,7.45122816889834,27.1678932986112));
#1696=CARTESIAN_POINT('Ctrl Pts',(13.2346724155162,12.4276801950579,-17.7278932986112));
#1697=CARTESIAN_POINT('Ctrl Pts',(13.2346724155162,12.4276801950579,27.1678932986112));
#1698=CARTESIAN_POINT('Ctrl Pts',(16.7797944898306,15.9348865252619,-17.7278932986112));
#1699=CARTESIAN_POINT('Ctrl Pts',(16.7797944898306,15.9348865252619,27.1678932986112));
#1700=CARTESIAN_POINT('Ctrl Pts',(30.1584341059071,17.0371565001437,-17.7278932986112));
#1701=CARTESIAN_POINT('Ctrl Pts',(30.1584341059071,17.0371565001437,27.1678932986112));
#1702=CARTESIAN_POINT('Ctrl Pts',(39.6701179716583,15.7627385182437,-17.7278932986112));
#1703=CARTESIAN_POINT('Ctrl Pts',(39.6701179716583,15.7627385182437,27.1678932986112));
#1704=CARTESIAN_POINT('',(49.8773356098111,11.3023076154746,5.5));
#1705=CARTESIAN_POINT('Ctrl Pts',(49.8773356098111,11.3023076154746,5.5));
#1706=CARTESIAN_POINT('Ctrl Pts',(51.4855330111656,8.51492782916117,5.5));
#1707=CARTESIAN_POINT('Ctrl Pts',(52.1043545192857,3.75158911462006,5.5));
#1708=CARTESIAN_POINT('Ctrl Pts',(51.9683017796308,-1.09842168642929,5.5));
#1709=CARTESIAN_POINT('',(46.6614343735209,14.0437766178189,5.22000000000159));
#1710=CARTESIAN_POINT('Ctrl Pts',(46.6614343735194,14.0437766178154,5.22000000000174));
#1711=CARTESIAN_POINT('Ctrl Pts',(47.2461505499853,13.7888346620677,5.30050125307629));
#1712=CARTESIAN_POINT('Ctrl Pts',(47.7519088051094,13.5151576497673,5.35738148049206));
#1713=CARTESIAN_POINT('Ctrl Pts',(48.607350943853,12.9214838894012,5.43996726361729));
#1714=CARTESIAN_POINT('Ctrl Pts',(49.1382268022002,12.4704265052165,5.48699563016824));
#1715=CARTESIAN_POINT('Ctrl Pts',(49.748962459696,11.5191295152662,5.49932259779937));
#1716=CARTESIAN_POINT('Ctrl Pts',(49.8142478002886,11.4116534488142,5.5));
#1717=CARTESIAN_POINT('Ctrl Pts',(49.8773356098111,11.3023076154746,5.5));
#1718=CARTESIAN_POINT('',(39.6701183765484,15.7627384639947,4.8));
#1719=CARTESIAN_POINT('Ctrl Pts',(39.6701183765484,15.7627384639947,4.8));
#1720=CARTESIAN_POINT('Ctrl Pts',(42.1924735757723,15.4247820016888,4.8));
#1721=CARTESIAN_POINT('Ctrl Pts',(44.3265709327519,14.9369136457118,4.93945534211412));
#1722=CARTESIAN_POINT('Ctrl Pts',(46.1949784621067,14.2387192914945,5.15840509073375));
#1723=CARTESIAN_POINT('Ctrl Pts',(46.4288583649163,14.1451820259086,5.18797991764165));
#1724=CARTESIAN_POINT('Ctrl Pts',(46.6614343735193,14.0437766178154,5.22000000000174));
#1725=CARTESIAN_POINT('',(48.3043845390371,13.1291658199468,4.8));
#1726=CARTESIAN_POINT('Ctrl Pts',(39.6701183765484,15.7627384639947,4.8));
#1727=CARTESIAN_POINT('Ctrl Pts',(43.4399729992189,15.2576364339248,4.8));
#1728=CARTESIAN_POINT('Ctrl Pts',(46.602387288883,14.3791926476226,4.8));
#1729=CARTESIAN_POINT('Ctrl Pts',(48.3043845390371,13.1291658199468,4.8));
#1730=CARTESIAN_POINT('',(48.3043845390371,13.1291658199468,-1.1553709205802E-15));
#1731=CARTESIAN_POINT('',(48.3043845390371,13.1291658199468,-1.1553709205802E-15));
#1732=CARTESIAN_POINT('',(51.8653767637012,-3.16399789977135,-7.19275147607846E-16));
#1733=CARTESIAN_POINT('Ctrl Pts',(51.8653767637012,-3.16399789977135,-7.19275147607846E-16));
#1734=CARTESIAN_POINT('Ctrl Pts',(52.3411198178638,3.49244589067522,-6.61013426758165E-16));
#1735=CARTESIAN_POINT('Ctrl Pts',(51.4500781085634,10.4927912765512,-7.70134564478314E-16));
#1736=CARTESIAN_POINT('Ctrl Pts',(48.5809316715899,12.9118755273329,-1.12150366451078E-15));
#1737=CARTESIAN_POINT('Ctrl Pts',(48.4935956934907,12.9855117441615,-1.13219923711374E-15));
#1738=CARTESIAN_POINT('Ctrl Pts',(48.4013607221654,13.0579419501404,-1.14349476335404E-15));
#1739=CARTESIAN_POINT('Ctrl Pts',(48.3043845390371,13.1291658199468,-1.1553709205802E-15));
#1740=CARTESIAN_POINT('',(51.8653767637012,-3.16399789977135,4.2));
#1741=CARTESIAN_POINT('',(51.8653767637012,-3.16399789977135,-7.19275147607846E-16));
#1742=CARTESIAN_POINT('Ctrl Pts',(51.8653767637012,-3.16399789977135,4.2));
#1743=CARTESIAN_POINT('Ctrl Pts',(51.6331536529748,-6.41318897017779,4.2));
#1744=CARTESIAN_POINT('Ctrl Pts',(51.0752692868098,-9.58043924909403,4.2));
#1745=CARTESIAN_POINT('Ctrl Pts',(50.2628233253856,-12.0929269460173,4.2));
#1746=CARTESIAN_POINT('Origin',(-59.7741273311268,-3.16150931879609,-10.5));
#1747=CARTESIAN_POINT('',(-48.9844114883998,-2.88310469000556,5.06666666666696));
#1748=CARTESIAN_POINT('',(-50.6001875987892,0.455427798640972,5.49999999999999));
#1749=CARTESIAN_POINT('Ctrl Pts',(-48.9844114883991,-2.88310469000634,5.06666666666696));
#1750=CARTESIAN_POINT('Ctrl Pts',(-49.0517591687999,-2.76765291878241,5.09805423727154));
#1751=CARTESIAN_POINT('Ctrl Pts',(-49.1184432801819,-2.65135601874405,5.12779402042713));
#1752=CARTESIAN_POINT('Ctrl Pts',(-49.1843964824833,-2.5342294693217,5.15586571547831));
#1753=CARTESIAN_POINT('Ctrl Pts',(-49.3168336962351,-2.29903370443704,5.21223503414887));
#1754=CARTESIAN_POINT('Ctrl Pts',(-49.446232234283,-2.0606585567783,5.26183500298389));
#1755=CARTESIAN_POINT('Ctrl Pts',(-49.572048474869,-1.81922366639886,5.3045471542725));
#1756=CARTESIAN_POINT('Ctrl Pts',(-49.6955874968802,-1.58215864126434,5.34648623442314));
#1757=CARTESIAN_POINT('Ctrl Pts',(-49.815672777253,-1.3421435645176,5.38178457355085));
#1758=CARTESIAN_POINT('Ctrl Pts',(-49.9317457907416,-1.09931657616337,5.41033002085949));
#1759=CARTESIAN_POINT('Ctrl Pts',(-49.9575383919357,-1.04535795579543,5.41667310885395));
#1760=CARTESIAN_POINT('Ctrl Pts',(-49.9831327016196,-0.991260591905989,
5.42268275695446));
#1761=CARTESIAN_POINT('Ctrl Pts',(-50.0085222855037,-0.937026176497014,
5.42835773462591));
#1762=CARTESIAN_POINT('Ctrl Pts',(-50.1213429828766,-0.69603110560558,5.45357496313156));
#1763=CARTESIAN_POINT('Ctrl Pts',(-50.2300284277129,-0.452533765096362,
5.47216363043331));
#1764=CARTESIAN_POINT('Ctrl Pts',(-50.334019715326,-0.206686212031524,5.48407794795656));
#1765=CARTESIAN_POINT('Ctrl Pts',(-50.3828672991423,-0.0912048170993556,
5.48967443240433));
#1766=CARTESIAN_POINT('Ctrl Pts',(-50.4306785078668,0.0247947788684184,
5.49379826114445));
#1767=CARTESIAN_POINT('Ctrl Pts',(-50.4773919393435,0.141294839091483,5.496444688529));
#1768=CARTESIAN_POINT('Ctrl Pts',(-50.5192361244633,0.245651336406073,5.49881526148595));
#1769=CARTESIAN_POINT('Ctrl Pts',(-50.5601821771054,0.350366346806905,5.50000004972513));
#1770=CARTESIAN_POINT('Ctrl Pts',(-50.6001875987892,0.455427798640937,5.49999999999998));
#1771=CARTESIAN_POINT('',(-57.0546257758168,-2.08931281398842,5.49999999999999));
#1772=CARTESIAN_POINT('',(-59.7741273311268,-3.16150931879609,5.49999999999999));
#1773=CARTESIAN_POINT('',(-55.8012458836159,-3.81722336063871,5.36589614759057));
#1774=CARTESIAN_POINT('Ctrl Pts',(-57.0546257758168,-2.08931281398842,5.49999999999999));
#1775=CARTESIAN_POINT('Ctrl Pts',(-56.6772669390199,-2.59034860237079,5.49999999999999));
#1776=CARTESIAN_POINT('Ctrl Pts',(-56.2775219307963,-3.17280588262136,5.46676801100908));
#1777=CARTESIAN_POINT('Ctrl Pts',(-55.8012458836159,-3.81722336063872,5.36589614759056));
#1778=CARTESIAN_POINT('',(-54.7443215992341,-5.15401918049065,5.06666666666637));
#1779=CARTESIAN_POINT('Ctrl Pts',(-55.8012458836159,-3.81722336063872,5.36589614759056));
#1780=CARTESIAN_POINT('Ctrl Pts',(-55.6136685753276,-4.07102175477594,5.3261686140854));
#1781=CARTESIAN_POINT('Ctrl Pts',(-55.3594248419532,-4.41891914206563,5.26128191991493));
#1782=CARTESIAN_POINT('Ctrl Pts',(-54.965012872869,-4.89863077958604,5.13973819856764));
#1783=CARTESIAN_POINT('Ctrl Pts',(-54.8558797042163,-5.02635010094869,5.10460733765424));
#1784=CARTESIAN_POINT('Ctrl Pts',(-54.7443215992345,-5.15401918049091,5.06666666666632));
#1785=CARTESIAN_POINT('',(-58.4175758117527,-6.60224424961724,5.06666666666667));
#1786=CARTESIAN_POINT('Origin',(-28.8175707018479,-3.34770061958483,5.49999999999999));
#1787=CARTESIAN_POINT('',(-49.595436009976,10.9910434739899,5.49999999999999));
#1788=CARTESIAN_POINT('Ctrl Pts',(-50.6001875987892,0.455427798640968,5.49999999999999));
#1789=CARTESIAN_POINT('Ctrl Pts',(-52.0892997680294,4.36610489837865,5.49999999999999));
#1790=CARTESIAN_POINT('Ctrl Pts',(-52.036580685641,8.13065928499021,5.49999999999999));
#1791=CARTESIAN_POINT('Ctrl Pts',(-49.595436009976,10.9910434739899,5.49999999999999));
#1792=CARTESIAN_POINT('',(-53.6586774983653,15.4775392840865,5.49999999999999));
#1793=CARTESIAN_POINT('',(-55.1047767103343,17.0742738306356,5.49999999999999));
#1794=CARTESIAN_POINT('',(-61.5087040618956,13.3655360048741,5.49999999999998));
#1795=CARTESIAN_POINT('Ctrl Pts',(-53.6586774983653,15.4775392840865,5.49999999999999));
#1796=CARTESIAN_POINT('Ctrl Pts',(-53.8554445452284,15.3089028275647,5.49999999999999));
#1797=CARTESIAN_POINT('Ctrl Pts',(-54.0532069347353,15.161266501969,5.49999999999999));
#1798=CARTESIAN_POINT('Ctrl Pts',(-55.9642705954817,14.095491773382,5.49999999999999));
#1799=CARTESIAN_POINT('Ctrl Pts',(-59.9996691065446,13.5320235914214,5.49999999999999));
#1800=CARTESIAN_POINT('Ctrl Pts',(-61.5087040618956,13.3655360048741,5.49999999999999));
#1801=CARTESIAN_POINT('',(-61.5087040618956,-0.134463995125925,5.49999999999998));
#1802=CARTESIAN_POINT('',(-61.5087040618956,13.3655360048741,5.49999999999999));
#1803=CARTESIAN_POINT('Ctrl Pts',(-61.5087040618956,-0.134463995125925,
5.49999999999999));
#1804=CARTESIAN_POINT('Ctrl Pts',(-58.8937789773133,-0.122148986973675,
5.49999999999999));
#1805=CARTESIAN_POINT('Ctrl Pts',(-58.1415077537385,-0.64621220103074,5.49999999999999));
#1806=CARTESIAN_POINT('Ctrl Pts',(-57.0546257758168,-2.08931281398842,5.49999999999999));
#1807=CARTESIAN_POINT('',(-55.7387040618955,-0.744622184753039,5.49999999999999));
#1808=CARTESIAN_POINT('',(-57.7387040618955,1.44449658550452,5.49999999999999));
#1809=CARTESIAN_POINT('Ctrl Pts',(-55.7387040618955,-0.744622184753039,
5.49999999999999));
#1810=CARTESIAN_POINT('Ctrl Pts',(-57.3025949194878,-0.709701146214323,
5.49999999999999));
#1811=CARTESIAN_POINT('Ctrl Pts',(-57.7798882359454,0.125515521652117,5.49999999999999));
#1812=CARTESIAN_POINT('Ctrl Pts',(-57.7387040618955,1.44449658550452,5.49999999999999));
#1813=CARTESIAN_POINT('',(-57.7387040618955,10.9444965855045,5.49999999999999));
#1814=CARTESIAN_POINT('',(-57.7387040618955,10.9444965855045,5.49999999999999));
#1815=CARTESIAN_POINT('',(-55.7387040618955,12.781063244326,5.49999999999999));
#1816=CARTESIAN_POINT('Ctrl Pts',(-57.7387040618955,10.9444965855045,5.49999999999999));
#1817=CARTESIAN_POINT('Ctrl Pts',(-57.7158707285622,12.1220081121506,5.49999999999999));
#1818=CARTESIAN_POINT('Ctrl Pts',(-56.9630123846815,12.804041713461,5.49999999999999));
#1819=CARTESIAN_POINT('Ctrl Pts',(-55.7387040618955,12.781063244326,5.49999999999999));
#1820=CARTESIAN_POINT('',(-53.7387040618955,10.9444965855045,5.49999999999999));
#1821=CARTESIAN_POINT('Ctrl Pts',(-55.7387040618955,12.781063244326,5.49999999999999));
#1822=CARTESIAN_POINT('Ctrl Pts',(-54.5143957391096,12.804041713461,5.49999999999999));
#1823=CARTESIAN_POINT('Ctrl Pts',(-53.7615373952289,12.1220081121506,5.49999999999999));
#1824=CARTESIAN_POINT('Ctrl Pts',(-53.7387040618955,10.9444965855045,5.49999999999999));
#1825=CARTESIAN_POINT('',(-53.7387040618955,1.44449658550452,5.49999999999999));
#1826=CARTESIAN_POINT('',(-53.7387040618955,1.44449658550452,5.49999999999999));
#1827=CARTESIAN_POINT('Ctrl Pts',(-53.7387040618955,1.44449658550452,5.49999999999999));
#1828=CARTESIAN_POINT('Ctrl Pts',(-53.6975198878457,0.125515521652117,5.49999999999999));
#1829=CARTESIAN_POINT('Ctrl Pts',(-54.1748132043033,-0.709701146214323,
5.49999999999999));
#1830=CARTESIAN_POINT('Ctrl Pts',(-55.7387040618955,-0.744622184753039,
5.49999999999999));
#1831=CARTESIAN_POINT('Ctrl Pts',(-21.1449391495365,-18.7481692564009,-17.7278932986112));
#1832=CARTESIAN_POINT('Ctrl Pts',(-21.1449391495365,-18.7481692564009,27.1678932986112));
#1833=CARTESIAN_POINT('Ctrl Pts',(-23.360539354545,-19.6146491171793,-17.7278932986112));
#1834=CARTESIAN_POINT('Ctrl Pts',(-23.360539354545,-19.6146491171793,27.1678932986112));
#1835=CARTESIAN_POINT('Ctrl Pts',(-25.7696979459394,-19.843922514964,-17.7278932986112));
#1836=CARTESIAN_POINT('Ctrl Pts',(-25.7696979459394,-19.843922514964,27.1678932986112));
#1837=CARTESIAN_POINT('Ctrl Pts',(-28.2447277160406,-19.2064148469076,-17.7278932986112));
#1838=CARTESIAN_POINT('Ctrl Pts',(-28.2447277160406,-19.2064148469076,27.1678932986112));
#1839=CARTESIAN_POINT('Ctrl Pts',(-45.9985565661233,-14.6334589309772,-17.7278932986112));
#1840=CARTESIAN_POINT('Ctrl Pts',(-45.9985565661233,-14.6334589309772,27.1678932986111));
#1841=CARTESIAN_POINT('Ctrl Pts',(-68.4329402948641,16.0322454464383,-17.7278932986112));
#1842=CARTESIAN_POINT('Ctrl Pts',(-68.4329402948641,16.0322454464383,27.1678932986111));
#1843=CARTESIAN_POINT('Ctrl Pts',(-32.2796888183321,16.1398444091661,-17.7278932986112));
#1844=CARTESIAN_POINT('Ctrl Pts',(-32.2796888183321,16.1398444091661,27.1678932986112));
#1845=CARTESIAN_POINT('Ctrl Pts',(-1.16649796455173,16.232443191469,-17.7278932986112));
#1846=CARTESIAN_POINT('Ctrl Pts',(-1.16649796455173,16.232443191469,27.1678932986112));
#1847=CARTESIAN_POINT('Ctrl Pts',(-7.46764492753323,-13.3992349285757,-17.7278932986112));
#1848=CARTESIAN_POINT('Ctrl Pts',(-7.46764492753323,-13.3992349285757,27.1678932986112));
#1849=CARTESIAN_POINT('Ctrl Pts',(-21.1449391495365,-18.7481692564009,-17.7278932986112));
#1850=CARTESIAN_POINT('Ctrl Pts',(-21.1449391495365,-18.7481692564009,27.1678932986112));
#1851=CARTESIAN_POINT('',(-44.332710070314,-9.00025860467242,4.19999999999999));
#1852=CARTESIAN_POINT('Ctrl Pts',(-44.332710070314,-9.00025860467241,4.19999999999999));
#1853=CARTESIAN_POINT('Ctrl Pts',(-45.3198172426043,-7.95517518169212,4.19999999999999));
#1854=CARTESIAN_POINT('Ctrl Pts',(-46.2515080050584,-6.85634388396799,4.28379527014989));
#1855=CARTESIAN_POINT('Ctrl Pts',(-47.7874135562485,-4.79629168289826,4.60212827454075));
#1856=CARTESIAN_POINT('Ctrl Pts',(-48.4200142955082,-3.85063104288672,4.80362797790487));
#1857=CARTESIAN_POINT('Ctrl Pts',(-48.9844114883996,-2.88310469000547,5.06666666666696));
#1858=CARTESIAN_POINT('',(-49.7664291076438,-1.437923579869,4.19999999999999));
#1859=CARTESIAN_POINT('Ctrl Pts',(-44.3327100703153,-9.00025860467103,4.19999999999999));
#1860=CARTESIAN_POINT('Ctrl Pts',(-46.5890572201691,-6.61138830872338,4.19999999999999));
#1861=CARTESIAN_POINT('Ctrl Pts',(-48.4797894188532,-4.01943171617709,4.19999999999999));
#1862=CARTESIAN_POINT('Ctrl Pts',(-49.7664291076438,-1.437923579869,4.19999999999999));
#1863=CARTESIAN_POINT('',(-49.7664291076438,-1.437923579869,-1.31655817227986E-14));
#1864=CARTESIAN_POINT('',(-49.7664291076438,-1.437923579869,-1.31655817227986E-14));
#1865=CARTESIAN_POINT('',(-47.8259600510894,12.6009054478379,-1.29279428009032E-14));
#1866=CARTESIAN_POINT('Ctrl Pts',(-49.7664291076438,-1.437923579869,-1.31655817227986E-14));
#1867=CARTESIAN_POINT('Ctrl Pts',(-52.4392974032548,3.9249074539583,-1.34929136830749E-14));
#1868=CARTESIAN_POINT('Ctrl Pts',(-52.5051437808645,9.24264712516126,-1.35009775386324E-14));
#1869=CARTESIAN_POINT('Ctrl Pts',(-47.8259600510894,12.6009054478379,-1.29279428009032E-14));
#1870=CARTESIAN_POINT('',(-47.8259600510894,12.6009054478379,4.79999999999999));
#1871=CARTESIAN_POINT('',(-47.8259600510894,12.6009054478379,-1.29279428009032E-14));
#1872=CARTESIAN_POINT('',(-39.5327504011519,15.6110613244943,4.79999999999999));
#1873=CARTESIAN_POINT('Ctrl Pts',(-47.8259600510029,12.6009054478999,4.79999999999999));
#1874=CARTESIAN_POINT('Ctrl Pts',(-45.9079242078013,13.9774831173147,4.79999999999999));
#1875=CARTESIAN_POINT('Ctrl Pts',(-43.1926058980395,15.0248194358041,4.79999999999999));
#1876=CARTESIAN_POINT('Ctrl Pts',(-39.5327504011519,15.6110613244943,4.79999999999999));
#1877=CARTESIAN_POINT('',(-46.2331227164944,13.570849163201,5.22000000000018));
#1878=CARTESIAN_POINT('Ctrl Pts',(-46.2331227164942,13.5708491632007,5.22000000000019));
#1879=CARTESIAN_POINT('Ctrl Pts',(-45.6458491904408,13.8746369628342,5.13488002275453));
#1880=CARTESIAN_POINT('Ctrl Pts',(-45.0354659619661,14.1398206776773,5.06410462581778));
#1881=CARTESIAN_POINT('Ctrl Pts',(-42.8553354710601,14.9547506210924,4.86269535378757));
#1882=CARTESIAN_POINT('Ctrl Pts',(-41.1845220126508,15.3464777336849,4.79999999999999));
#1883=CARTESIAN_POINT('Ctrl Pts',(-39.5327504011519,15.6110613244943,4.79999999999999));
#1884=CARTESIAN_POINT('Ctrl Pts',(-49.595436009976,10.9910434739899,5.5));
#1885=CARTESIAN_POINT('Ctrl Pts',(-49.5530148337895,11.0407500165198,5.5));
#1886=CARTESIAN_POINT('Ctrl Pts',(-49.5099650697353,11.0900749310959,5.49980310885485));
#1887=CARTESIAN_POINT('Ctrl Pts',(-48.9556992349484,11.7112181170226,5.49475726449037));
#1888=CARTESIAN_POINT('Ctrl Pts',(-48.3762493754179,12.2130225010261,5.46260171791199));
#1889=CARTESIAN_POINT('Ctrl Pts',(-47.2673615634232,12.9955448886726,5.35774283893266));
#1890=CARTESIAN_POINT('Ctrl Pts',(-46.7576846415705,13.2995011355426,5.2960304988147));
#1891=CARTESIAN_POINT('Ctrl Pts',(-46.2331227164943,13.5708491632007,5.22000000000018));
#1892=CARTESIAN_POINT('Origin',(-55.7044727730044,-13.4837141112595,36.2));
#1893=CARTESIAN_POINT('',(-48.9419951682682,-10.8175252144447,4.19999999999999));
#1894=CARTESIAN_POINT('Ctrl Pts',(-54.7443215992345,-5.15401918049092,5.06666666666634));
#1895=CARTESIAN_POINT('Ctrl Pts',(-54.4034190309216,-5.5441541430485,4.95072643816037));
#1896=CARTESIAN_POINT('Ctrl Pts',(-53.9599523090969,-6.02411195251498,4.8180404313935));
#1897=CARTESIAN_POINT('Ctrl Pts',(-52.0244257404869,-8.0190818869411,4.36257270327701));
#1898=CARTESIAN_POINT('Ctrl Pts',(-50.5026134447633,-9.44568392363209,4.19999999999999));
#1899=CARTESIAN_POINT('Ctrl Pts',(-48.9419951682681,-10.8175252144447,4.19999999999999));
#1900=CARTESIAN_POINT('',(-55.7044727730044,-13.4837141112595,4.19999999999999));
#1901=CARTESIAN_POINT('Origin',(-55.1047767103343,17.0742738306356,-26.5));
#1902=CARTESIAN_POINT('',(-51.8860935537283,17.0839695236684,5.4104579828458));
#1903=CARTESIAN_POINT('Ctrl Pts',(-51.8860935537283,17.0839695236684,5.4104579828458));
#1904=CARTESIAN_POINT('Ctrl Pts',(-52.4436691329435,16.6500686320346,5.46327523981714));
#1905=CARTESIAN_POINT('Ctrl Pts',(-52.8712282621333,16.2164462893662,5.48524572180807));
#1906=CARTESIAN_POINT('Ctrl Pts',(-53.3636319759927,15.7427342504359,5.49824517608503));
#1907=CARTESIAN_POINT('Ctrl Pts',(-53.5108473999678,15.6042350106242,5.49999999999999));
#1908=CARTESIAN_POINT('Ctrl Pts',(-53.6586774983653,15.4775392840865,5.49999999999999));
#1909=CARTESIAN_POINT('',(-50.3095100416479,18.0718601681069,5.21999999999582));
#1910=CARTESIAN_POINT('',(-51.9739799736341,19.9097123846282,5.21999999999999));
#1911=CARTESIAN_POINT('Ctrl Pts',(-50.3095100416517,18.0718601681145,5.2199999999955));
#1912=CARTESIAN_POINT('Ctrl Pts',(-50.9535882031359,17.7516477622073,5.31219484259809));
#1913=CARTESIAN_POINT('Ctrl Pts',(-51.4629861481703,17.4132283495065,5.37037844314055));
#1914=CARTESIAN_POINT('Ctrl Pts',(-51.8860935537283,17.0839695236684,5.4104579828458));
#1915=CARTESIAN_POINT('Ctrl Pts',(-51.8860935537283,17.0839695236684,-1.3425165750715E-14));
#1916=CARTESIAN_POINT('Ctrl Pts',(-51.8860935537283,17.0839695236684,5.49999999999999));
#1917=CARTESIAN_POINT('Ctrl Pts',(-52.9368676778731,16.2662654376791,-1.35538484674911E-14));
#1918=CARTESIAN_POINT('Ctrl Pts',(-52.9368676778731,16.2662654376791,5.49999999999999));
#1919=CARTESIAN_POINT('Ctrl Pts',(-53.4987677312617,15.4704698549171,-1.36226613776734E-14));
#1920=CARTESIAN_POINT('Ctrl Pts',(-53.4987677312617,15.4704698549171,5.49999999999999));
#1921=CARTESIAN_POINT('Ctrl Pts',(-55.9642705954817,14.095491773382,-1.3924598396769E-14));
#1922=CARTESIAN_POINT('Ctrl Pts',(-55.9642705954817,14.095491773382,5.49999999999999));
#1923=CARTESIAN_POINT('Ctrl Pts',(-59.9996691065446,13.5320235914214,-1.44187921837547E-14));
#1924=CARTESIAN_POINT('Ctrl Pts',(-59.9996691065446,13.5320235914214,5.49999999999999));
#1925=CARTESIAN_POINT('Ctrl Pts',(-61.5087040618956,13.3655360048741,-1.46035956665419E-14));
#1926=CARTESIAN_POINT('Ctrl Pts',(-61.5087040618956,13.3655360048741,5.49999999999999));
#1927=CARTESIAN_POINT('',(-51.8860935537283,17.0839695236684,-1.3425165750715E-14));
#1928=CARTESIAN_POINT('',(-51.8860935537283,17.0839695236684,-1.3425165750715E-14));
#1929=CARTESIAN_POINT('',(-61.5087040618956,13.3655360048741,-1.46035956665419E-14));
#1930=CARTESIAN_POINT('Ctrl Pts',(-51.8860935537283,17.0839695236684,-1.3425165750715E-14));
#1931=CARTESIAN_POINT('Ctrl Pts',(-52.9368676778731,16.2662654376792,-1.35538484674911E-14));
#1932=CARTESIAN_POINT('Ctrl Pts',(-53.4987677312617,15.4704698549171,-1.36226613776734E-14));
#1933=CARTESIAN_POINT('Ctrl Pts',(-55.9642705954817,14.095491773382,-1.3924598396769E-14));
#1934=CARTESIAN_POINT('Ctrl Pts',(-59.9996691065446,13.5320235914214,-1.44187921837547E-14));
#1935=CARTESIAN_POINT('Ctrl Pts',(-61.5087040618956,13.3655360048741,-1.46035956665419E-14));
#1936=CARTESIAN_POINT('',(-61.5087040618956,13.3655360048741,-1.46035956665419E-14));
#1937=CARTESIAN_POINT('Ctrl Pts',(0.,7.90852376049137,-14.8022855810235));
#1938=CARTESIAN_POINT('Ctrl Pts',(0.,7.90852376049137,25.2422855810235));
#1939=CARTESIAN_POINT('Ctrl Pts',(-2.40399270412015,7.86916572781118,-14.8022855810235));
#1940=CARTESIAN_POINT('Ctrl Pts',(-2.40399270412015,7.86916572781118,25.2422855810235));
#1941=CARTESIAN_POINT('Ctrl Pts',(-4.41155747183872,5.37994813638869,-14.8022855810235));
#1942=CARTESIAN_POINT('Ctrl Pts',(-4.41155747183872,5.37994813638869,25.2422855810235));
#1943=CARTESIAN_POINT('Ctrl Pts',(-8.1775211673108,8.82311494367745,-14.8022855810235));
#1944=CARTESIAN_POINT('Ctrl Pts',(-8.1775211673108,8.82311494367745,25.2422855810235));
#1945=CARTESIAN_POINT('Ctrl Pts',(-7.60936501943229,16.2205436312119,-14.8022855810235));
#1946=CARTESIAN_POINT('Ctrl Pts',(-7.60936501943229,16.2205436312119,25.2422855810235));
#1947=CARTESIAN_POINT('Ctrl Pts',(-22.3504229131373,20.2555047335034,-14.8022855810235));
#1948=CARTESIAN_POINT('Ctrl Pts',(-22.3504229131373,20.2555047335034,25.2422855810235));
#1949=CARTESIAN_POINT('Ctrl Pts',(-37.5148692753058,20.3429423405901,-14.8022855810235));
#1950=CARTESIAN_POINT('Ctrl Pts',(-37.5148692753058,20.3429423405901,25.2422855810235));
#1951=CARTESIAN_POINT('Ctrl Pts',(-51.8793307994636,18.7289578996735,-14.8022855810235));
#1952=CARTESIAN_POINT('Ctrl Pts',(-51.8793307994636,18.7289578996735,25.2422855810235));
#1953=CARTESIAN_POINT('Ctrl Pts',(-52.5696043152325,15.9886519060293,-14.8022855810235));
#1954=CARTESIAN_POINT('Ctrl Pts',(-52.5696043152325,15.9886519060293,25.2422855810235));
#1955=CARTESIAN_POINT('Ctrl Pts',(-55.9642705954817,14.095491773382,-14.8022855810235));
#1956=CARTESIAN_POINT('Ctrl Pts',(-55.9642705954817,14.095491773382,25.2422855810235));
#1957=CARTESIAN_POINT('Ctrl Pts',(-59.9996691065446,13.5320235914214,-14.8022855810235));
#1958=CARTESIAN_POINT('Ctrl Pts',(-59.9996691065446,13.5320235914214,25.2422855810235));
#1959=CARTESIAN_POINT('Ctrl Pts',(-61.5087040618956,13.3655360048741,-14.8022855810235));
#1960=CARTESIAN_POINT('Ctrl Pts',(-61.5087040618956,13.3655360048741,25.2422855810235));
#1961=CARTESIAN_POINT('',(-43.2179663956526,19.6801539850889,4.79999999999999));
#1962=CARTESIAN_POINT('Ctrl Pts',(-43.2179663956526,19.6801539850889,4.79999999999999));
#1963=CARTESIAN_POINT('Ctrl Pts',(-45.2840382613868,19.5056462208786,4.79999999999999));
#1964=CARTESIAN_POINT('Ctrl Pts',(-47.1844620939676,19.2426377804058,4.87979558314738));
#1965=CARTESIAN_POINT('Ctrl Pts',(-49.4317126283452,18.4734037247189,5.10367201055175));
#1966=CARTESIAN_POINT('Ctrl Pts',(-49.8975713033054,18.2766612347867,5.16103413309557));
#1967=CARTESIAN_POINT('Ctrl Pts',(-50.3095100416517,18.0718601681145,5.21999999999551));
#1968=CARTESIAN_POINT('',(-8.94307121346739,13.3271834490231,4.79999999999999));
#1969=CARTESIAN_POINT('Ctrl Pts',(-8.94307121346738,13.3271834490231,4.79999999999999));
#1970=CARTESIAN_POINT('Ctrl Pts',(-9.99458731828243,15.379866527276,4.79999999999999));
#1971=CARTESIAN_POINT('Ctrl Pts',(-11.7023181989516,17.3408775307154,4.79999999999999));
#1972=CARTESIAN_POINT('Ctrl Pts',(-21.8768393701932,20.1258742016756,4.79999999999999));
#1973=CARTESIAN_POINT('Ctrl Pts',(-35.5983040317217,20.3237377176877,4.79999999999999));
#1974=CARTESIAN_POINT('Ctrl Pts',(-43.2179663956526,19.6801539850888,4.79999999999999));
#1975=CARTESIAN_POINT('',(-7.42533953140967,9.33111816792061,5.08571428571428));
#1976=CARTESIAN_POINT('Ctrl Pts',(-7.42533953140967,9.33111816792061,5.08571428571428));
#1977=CARTESIAN_POINT('Ctrl Pts',(-7.54047689737834,9.67366442774075,5.03710895292202));
#1978=CARTESIAN_POINT('Ctrl Pts',(-7.65692219558903,10.0379315517727,4.99199841944319));
#1979=CARTESIAN_POINT('Ctrl Pts',(-8.11369237955993,11.4230542337626,4.8489065756669));
#1980=CARTESIAN_POINT('Ctrl Pts',(-8.46195141650582,12.3879810332796,4.79999999999999));
#1981=CARTESIAN_POINT('Ctrl Pts',(-8.94307121346738,13.3271834490231,4.79999999999999));
#1982=CARTESIAN_POINT('',(-6.93437160624243,8.05112494835071,5.22998582176006));
#1983=CARTESIAN_POINT('Ctrl Pts',(-6.93437160624243,8.05112494835071,5.22998582176006));
#1984=CARTESIAN_POINT('Ctrl Pts',(-7.12479157701706,8.45731568626391,5.19596310594636));
#1985=CARTESIAN_POINT('Ctrl Pts',(-7.28153372291116,8.90328015523776,5.14642202486328));
#1986=CARTESIAN_POINT('Ctrl Pts',(-7.42533953140967,9.33111816792061,5.08571428571427));
#1987=CARTESIAN_POINT('',(-6.93437160624243,8.05112494835071,-7.92016751079998E-15));
#1988=CARTESIAN_POINT('',(-6.93437160624243,8.05112494835071,-7.92016751079998E-15));
#1989=CARTESIAN_POINT('Ctrl Pts',(-6.93437160624243,8.05112494835071,-7.92016751079998E-15));
#1990=CARTESIAN_POINT('Ctrl Pts',(-8.16549190688987,10.6772657955823,-8.0709362643553E-15));
#1991=CARTESIAN_POINT('Ctrl Pts',(-8.57950323864722,16.4860924138437,-8.12163802958003E-15));
#1992=CARTESIAN_POINT('Ctrl Pts',(-22.3504229131373,20.2555047335034,-9.80808929964799E-15));
#1993=CARTESIAN_POINT('Ctrl Pts',(-37.5148692753058,20.3429423405901,-1.16651983694751E-14));
#1994=CARTESIAN_POINT('Ctrl Pts',(-48.6288361897309,19.0941820131266,-1.30262667702332E-14));
#1995=CARTESIAN_POINT('Ctrl Pts',(-50.6150972568939,18.0730487570806,-1.32695135960504E-14));
#1996=CARTESIAN_POINT('Ctrl Pts',(-51.8860935537283,17.0839695236684,-1.3425165750715E-14));
#1997=CARTESIAN_POINT('Origin',(-47.2777848685838,24.1628702156171,52.8));
#1998=CARTESIAN_POINT('',(-47.2777848685838,24.1628702156171,4.79999999999999));
#1999=CARTESIAN_POINT('Origin',(55.1047767103342,17.0742738306357,-26.5));
#2000=CARTESIAN_POINT('',(53.7217998324645,15.5472368613212,5.5));
#2001=CARTESIAN_POINT('',(55.1047767103342,17.0742738306357,5.5));
#2002=CARTESIAN_POINT('',(51.9233227667286,17.1250767796895,5.41045798284582));
#2003=CARTESIAN_POINT('Ctrl Pts',(53.7217998324645,15.5472368613212,5.5));
#2004=CARTESIAN_POINT('Ctrl Pts',(53.2071218088521,15.9817370610187,5.5));
#2005=CARTESIAN_POINT('Ctrl Pts',(52.6887172103905,16.5507407413711,5.48188994495539));
#2006=CARTESIAN_POINT('Ctrl Pts',(51.9233227667286,17.1250767796895,5.41045798284581));
#2007=CARTESIAN_POINT('',(50.3281769327619,18.0924715270494,5.21999999999546));
#2008=CARTESIAN_POINT('Ctrl Pts',(51.9233227667286,17.1250767796895,5.41045798284581));
#2009=CARTESIAN_POINT('Ctrl Pts',(51.5380300272484,17.4141924211974,5.37449976993279));
#2010=CARTESIAN_POINT('Ctrl Pts',(51.1404422859956,17.6668581017317,5.32903072119046));
#2011=CARTESIAN_POINT('Ctrl Pts',(50.5909871188453,17.9621082291773,5.25664074500256));
#2012=CARTESIAN_POINT('Ctrl Pts',(50.46017269823,18.0286972086323,5.23872887997608));
#2013=CARTESIAN_POINT('Ctrl Pts',(50.3281769327662,18.0924715270581,5.2199999999951));
#2014=CARTESIAN_POINT('',(51.9739799736341,19.9097123846283,5.21999999999999));
#2015=CARTESIAN_POINT('Origin',(47.2777848685838,24.1628702156172,52.8));
#2016=CARTESIAN_POINT('',(43.2179663956526,19.6801539850889,4.8));
#2017=CARTESIAN_POINT('Ctrl Pts',(50.3281769327662,18.0924715270581,5.2199999999951));
#2018=CARTESIAN_POINT('Ctrl Pts',(50.1195828850063,18.1932546330677,5.19037138691708));
#2019=CARTESIAN_POINT('Ctrl Pts',(49.8975148180668,18.2920952865561,5.1611813840626));
#2020=CARTESIAN_POINT('Ctrl Pts',(49.6604933069582,18.3881725469163,5.13275875662418));
#2021=CARTESIAN_POINT('Ctrl Pts',(49.4369694675201,18.4787784924188,5.10595471347112));
#2022=CARTESIAN_POINT('Ctrl Pts',(49.200146403523,18.5669264728742,5.07983313480001));
#2023=CARTESIAN_POINT('Ctrl Pts',(48.9488292669834,18.6519355812234,5.05466975700328));
#2024=CARTESIAN_POINT('Ctrl Pts',(48.9336532741108,18.6570689264468,5.05315024565061));
#2025=CARTESIAN_POINT('Ctrl Pts',(48.9184244450543,18.6621908292532,5.05163422832758));
#2026=CARTESIAN_POINT('Ctrl Pts',(48.9031425229322,18.6673011410706,5.05012176574963));
#2027=CARTESIAN_POINT('Ctrl Pts',(48.7169005740796,18.7295809004172,5.03168926911523));
#2028=CARTESIAN_POINT('Ctrl Pts',(48.5278476162445,18.7884401100554,5.01432261938023));
#2029=CARTESIAN_POINT('Ctrl Pts',(48.3363929351235,18.8440435090652,4.99800639098047));
#2030=CARTESIAN_POINT('Ctrl Pts',(48.1535735180361,18.897139003704,4.98242608055065));
#2031=CARTESIAN_POINT('Ctrl Pts',(47.9685650129618,18.9472667655003,4.96780357312539));
#2032=CARTESIAN_POINT('Ctrl Pts',(47.7816844669176,18.9945929016477,4.95412543765215));
#2033=CARTESIAN_POINT('Ctrl Pts',(47.6019832392385,19.0401009277478,4.94097276987088));
#2034=CARTESIAN_POINT('Ctrl Pts',(47.4205514667066,19.0830190647576,4.92869330862898));
#2035=CARTESIAN_POINT('Ctrl Pts',(47.2376248681328,19.1235051736657,4.91727511209612));
#2036=CARTESIAN_POINT('Ctrl Pts',(47.059897390433,19.1628405905717,4.90618144236471));
#2037=CARTESIAN_POINT('Ctrl Pts',(46.8807590811481,19.19988065115,4.89590077552254));
#2038=CARTESIAN_POINT('Ctrl Pts',(46.7003769931999,19.2347728218322,4.88642215930184));
#2039=CARTESIAN_POINT('Ctrl Pts',(46.525162397489,19.2686654197564,4.87721508154872));
#2040=CARTESIAN_POINT('Ctrl Pts',(46.3487743258274,19.3005316836335,4.86876475918437));
#2041=CARTESIAN_POINT('Ctrl Pts',(46.1713168376058,19.3305047264445,4.86106115449826));
#2042=CARTESIAN_POINT('Ctrl Pts',(45.9958833235313,19.3601359146268,4.85344541252721));
#2043=CARTESIAN_POINT('Ctrl Pts',(45.8194047552232,19.3879170095744,4.84655945213793));
#2044=CARTESIAN_POINT('Ctrl Pts',(45.6419316276773,19.4139713629038,4.84039357516998));
#2045=CARTESIAN_POINT('Ctrl Pts',(45.4667112638556,19.4396949940397,4.83430596505941));
#2046=CARTESIAN_POINT('Ctrl Pts',(45.2905214604074,19.4637355781613,4.82892027356701));
#2047=CARTESIAN_POINT('Ctrl Pts',(45.1133607756229,19.4862042983365,4.82422716717651));
#2048=CARTESIAN_POINT('Ctrl Pts',(44.9752060504848,19.503726018033,4.82056735504487));
#2049=CARTESIAN_POINT('Ctrl Pts',(44.8364599253991,19.5202917057481,4.81732872503779));
#2050=CARTESIAN_POINT('Ctrl Pts',(44.6971000373847,19.5359501201318,4.8145068508591));
#2051=CARTESIAN_POINT('Ctrl Pts',(44.5546571468082,19.5519549392977,4.81162254949677));
#2052=CARTESIAN_POINT('Ctrl Pts',(44.4109573964415,19.5673971527469,4.80917364736901));
#2053=CARTESIAN_POINT('Ctrl Pts',(44.2661681807048,19.5823148620335,4.80715541786947));
#2054=CARTESIAN_POINT('Ctrl Pts',(44.1183081567329,19.5975489583127,4.80509438410624));
#2055=CARTESIAN_POINT('Ctrl Pts',(43.9693117453731,19.6122360806333,4.80348248480924));
#2056=CARTESIAN_POINT('Ctrl Pts',(43.8193022190285,19.6264135874665,4.80231468621149));
#2057=CARTESIAN_POINT('Ctrl Pts',(43.6646190579148,19.6410328028399,4.80111050416355));
#2058=CARTESIAN_POINT('Ctrl Pts',(43.5088585278376,19.6551101750761,4.8003785263258));
#2059=CARTESIAN_POINT('Ctrl Pts',(43.3521005954706,19.6686829903412,4.80011323363081));
#2060=CARTESIAN_POINT('Ctrl Pts',(43.3074700082421,19.6725473097188,4.80003770208617));
#2061=CARTESIAN_POINT('Ctrl Pts',(43.262758245721,19.6763707064237,4.8));
#2062=CARTESIAN_POINT('Ctrl Pts',(43.2179663956526,19.6801539850889,4.8));
#2063=CARTESIAN_POINT('',(47.2777848685838,24.1628702156172,4.8));
#2064=CARTESIAN_POINT('Ctrl Pts',(61.5087040618955,13.3655360048741,-14.8022855810235));
#2065=CARTESIAN_POINT('Ctrl Pts',(61.5087040618955,13.3655360048741,25.2422855810235));
#2066=CARTESIAN_POINT('Ctrl Pts',(59.9996691065446,13.5320235914214,-14.8022855810235));
#2067=CARTESIAN_POINT('Ctrl Pts',(59.9996691065446,13.5320235914214,25.2422855810235));
#2068=CARTESIAN_POINT('Ctrl Pts',(56.0465048570773,14.1547004417309,-14.8022855810235));
#2069=CARTESIAN_POINT('Ctrl Pts',(56.0465048570773,14.1547004417309,25.2422855810235));
#2070=CARTESIAN_POINT('Ctrl Pts',(52.6518385768281,16.0478605743782,-14.8022855810235));
#2071=CARTESIAN_POINT('Ctrl Pts',(52.6518385768281,16.0478605743782,25.2422855810235));
#2072=CARTESIAN_POINT('Ctrl Pts',(51.8793307994636,18.7289578996735,-14.8022855810235));
#2073=CARTESIAN_POINT('Ctrl Pts',(51.8793307994636,18.7289578996735,25.2422855810235));
#2074=CARTESIAN_POINT('Ctrl Pts',(37.5148692753058,20.3429423405901,-14.8022855810235));
#2075=CARTESIAN_POINT('Ctrl Pts',(37.5148692753058,20.3429423405901,25.2422855810235));
#2076=CARTESIAN_POINT('Ctrl Pts',(22.3504229131373,20.2555047335034,-14.8022855810235));
#2077=CARTESIAN_POINT('Ctrl Pts',(22.3504229131373,20.2555047335034,25.2422855810235));
#2078=CARTESIAN_POINT('Ctrl Pts',(7.60936501943229,16.2205436312119,-14.8022855810235));
#2079=CARTESIAN_POINT('Ctrl Pts',(7.60936501943229,16.2205436312119,25.2422855810235));
#2080=CARTESIAN_POINT('Ctrl Pts',(8.1775211673108,8.82311494367745,-14.8022855810235));
#2081=CARTESIAN_POINT('Ctrl Pts',(8.1775211673108,8.82311494367745,25.2422855810235));
#2082=CARTESIAN_POINT('Ctrl Pts',(4.41155747183872,5.37994813638869,-14.8022855810235));
#2083=CARTESIAN_POINT('Ctrl Pts',(4.41155747183872,5.37994813638869,25.2422855810235));
#2084=CARTESIAN_POINT('Ctrl Pts',(2.40399270412015,7.86916572781118,-14.8022855810235));
#2085=CARTESIAN_POINT('Ctrl Pts',(2.40399270412015,7.86916572781118,25.2422855810235));
#2086=CARTESIAN_POINT('Ctrl Pts',(0.,7.90852376049137,-14.8022855810235));
#2087=CARTESIAN_POINT('Ctrl Pts',(0.,7.90852376049137,25.2422855810235));
#2088=CARTESIAN_POINT('',(51.9233227667286,17.1250767796895,-7.12178808894763E-16));
#2089=CARTESIAN_POINT('',(51.9233227667286,17.1250767796895,-7.12178808894763E-16));
#2090=CARTESIAN_POINT('',(6.93437160624243,8.05112494835071,-6.22173631246336E-15));
#2091=CARTESIAN_POINT('Ctrl Pts',(51.9233227667286,17.1250767796895,-7.12178808894764E-16));
#2092=CARTESIAN_POINT('Ctrl Pts',(50.6296668630303,18.0958092076943,-8.70605965060983E-16));
#2093=CARTESIAN_POINT('Ctrl Pts',(48.6189996419273,19.0952872432169,-1.11684168270841E-15));
#2094=CARTESIAN_POINT('Ctrl Pts',(37.5148692753058,20.3429423405901,-2.47670545378821E-15));
#2095=CARTESIAN_POINT('Ctrl Pts',(22.3504229131373,20.2555047335034,-4.33381452361534E-15));
#2096=CARTESIAN_POINT('Ctrl Pts',(8.57950323864722,16.4860924138437,-6.0202657936833E-15));
#2097=CARTESIAN_POINT('Ctrl Pts',(8.16549190688987,10.6772657955823,-6.07096755890804E-15));
#2098=CARTESIAN_POINT('Ctrl Pts',(6.93437160624243,8.05112494835071,-6.22173631246336E-15));
#2099=CARTESIAN_POINT('',(6.93437160624243,8.05112494835071,5.22998582176007));
#2100=CARTESIAN_POINT('',(6.93437160624243,8.05112494835071,-6.22173631246336E-15));
#2101=CARTESIAN_POINT('',(7.42533953140969,9.33111816792067,5.08571428571427));
#2102=CARTESIAN_POINT('Ctrl Pts',(7.42533953140969,9.33111816792067,5.08571428571427));
#2103=CARTESIAN_POINT('Ctrl Pts',(7.26442854030167,8.85239036566227,5.15364299162948));
#2104=CARTESIAN_POINT('Ctrl Pts',(7.10801578561696,8.4215307259928,5.19896047004233));
#2105=CARTESIAN_POINT('Ctrl Pts',(6.93437160622693,8.05112494831764,5.22998582176284));
#2106=CARTESIAN_POINT('',(8.94307121346739,13.3271834490231,4.79999999999999));
#2107=CARTESIAN_POINT('Ctrl Pts',(8.94307121346738,13.3271834490231,4.8));
#2108=CARTESIAN_POINT('Ctrl Pts',(8.46021217183971,12.3845858231837,4.8));
#2109=CARTESIAN_POINT('Ctrl Pts',(8.11121858891697,11.4160912543619,4.84926160582634));
#2110=CARTESIAN_POINT('Ctrl Pts',(7.65482302472472,10.0313627115227,4.99281448344678));
#2111=CARTESIAN_POINT('Ctrl Pts',(7.53945391640827,9.67062094744036,5.03754080517148));
#2112=CARTESIAN_POINT('Ctrl Pts',(7.42533953140969,9.33111816792067,5.08571428571428));
#2113=CARTESIAN_POINT('Ctrl Pts',(43.2179663956526,19.6801539850889,4.8));
#2114=CARTESIAN_POINT('Ctrl Pts',(35.5983040317216,20.3237377176877,4.8));
#2115=CARTESIAN_POINT('Ctrl Pts',(21.8768393701932,20.1258742016756,4.8));
#2116=CARTESIAN_POINT('Ctrl Pts',(11.7023181989516,17.3408775307154,4.79999999999999));
#2117=CARTESIAN_POINT('Ctrl Pts',(9.99458731828245,15.379866527276,4.79999999999999));
#2118=CARTESIAN_POINT('Ctrl Pts',(8.9430712134674,13.3271834490231,4.79999999999999));
#2119=CARTESIAN_POINT('Origin',(-12.3671048178648,4.44027876591382,-18.7));
#2120=CARTESIAN_POINT('',(-12.2054463784523,7.84223242867776,5.08571428571429));
#2121=CARTESIAN_POINT('',(-10.7888450682908,4.93186786824014,5.29999999999999));
#2122=CARTESIAN_POINT('Ctrl Pts',(-12.2054463784523,7.84223242867776,5.08571428571427));
#2123=CARTESIAN_POINT('Ctrl Pts',(-12.051402355883,7.59947554302125,5.1230585840097));
#2124=CARTESIAN_POINT('Ctrl Pts',(-11.9042479605174,7.35139356679942,5.15586452680588));
#2125=CARTESIAN_POINT('Ctrl Pts',(-11.3794531619383,6.40211625181549,5.2607614907698));
#2126=CARTESIAN_POINT('Ctrl Pts',(-11.0548815529704,5.67850028503247,5.29999999999999));
#2127=CARTESIAN_POINT('Ctrl Pts',(-10.7888450682908,4.93186786824013,5.29999999999999));
#2128=CARTESIAN_POINT('',(-5.45369199718378,6.59363685760135,5.29999999999999));
#2129=CARTESIAN_POINT('',(-12.3671048178648,4.44027876591382,5.3));
#2130=CARTESIAN_POINT('Ctrl Pts',(-5.45369199718378,6.59363685760135,5.29999999999999));
#2131=CARTESIAN_POINT('Ctrl Pts',(-5.57915690806776,6.63441530827266,5.29999999999999));
#2132=CARTESIAN_POINT('Ctrl Pts',(-5.70049852338194,6.68778993989492,5.29964387554553));
#2133=CARTESIAN_POINT('Ctrl Pts',(-6.07062868065261,6.89417232806393,5.29630240393273));
#2134=CARTESIAN_POINT('Ctrl Pts',(-6.24678959710471,7.05686281204571,5.29052481709461));
#2135=CARTESIAN_POINT('Ctrl Pts',(-6.54927260005484,7.3390847316674,5.27929198790779));
#2136=CARTESIAN_POINT('Ctrl Pts',(-6.75071979934028,7.65937159043761,5.26279925624115));
#2137=CARTESIAN_POINT('Ctrl Pts',(-6.93437160624243,8.05112494835071,5.22998582176006));
#2138=CARTESIAN_POINT('',(-13.3187230438607,7.49547412305876,5.08571428571428));
#2139=CARTESIAN_POINT('Origin',(-7.18223076207889,-2.07185615568275,5.3));
#2140=CARTESIAN_POINT('',(-10.0415261520233,1.88901968011944,5.29999999999999));
#2141=CARTESIAN_POINT('Ctrl Pts',(-10.7888450682908,4.93186786824014,5.29999999999999));
#2142=CARTESIAN_POINT('Ctrl Pts',(-10.436964617511,3.94431403063715,5.29999999999999));
#2143=CARTESIAN_POINT('Ctrl Pts',(-10.1905931784219,2.92511416145179,5.29999999999999));
#2144=CARTESIAN_POINT('Ctrl Pts',(-10.0415261520233,1.88901968011945,5.29999999999999));
#2145=CARTESIAN_POINT('',(-1.8334377541807,-0.19190413905191,5.29999999999999));
#2146=CARTESIAN_POINT('',(-11.5656718908183,2.27542282516607,5.3));
#2147=CARTESIAN_POINT('',(0.,0.,5.29999999999999));
#2148=CARTESIAN_POINT('Ctrl Pts',(-1.83343775418069,-0.191904139051904,
5.29999999999999));
#2149=CARTESIAN_POINT('Ctrl Pts',(-1.25155993919402,-0.00974117984492831,
5.29999999999999));
#2150=CARTESIAN_POINT('Ctrl Pts',(-0.644336385019289,0.0029483962338392,
5.29999999999999));
#2151=CARTESIAN_POINT('Ctrl Pts',(0.,0.,5.29999999999999));
#2152=CARTESIAN_POINT('',(1.90030374888961,-0.174952196731337,5.29999999999999));
#2153=CARTESIAN_POINT('Ctrl Pts',(0.,0.,5.29999999999999));
#2154=CARTESIAN_POINT('Ctrl Pts',(0.645807526215041,0.00295512797716744,
5.29999999999999));
#2155=CARTESIAN_POINT('Ctrl Pts',(1.28337539108903,-0.00139207055110713,
5.29999999999999));
#2156=CARTESIAN_POINT('Ctrl Pts',(1.90030374888961,-0.174952196731338,5.29999999999999));
#2157=CARTESIAN_POINT('',(10.3916317093631,1.97777883550139,5.29999999999999));
#2158=CARTESIAN_POINT('',(11.5656718908183,2.27542282516608,5.3));
#2159=CARTESIAN_POINT('',(10.5612120620027,5.00276995216605,5.29999999999999));
#2160=CARTESIAN_POINT('Ctrl Pts',(10.3916317093638,1.97777883555655,5.29999999999999));
#2161=CARTESIAN_POINT('Ctrl Pts',(10.4035784627992,3.01889066161232,5.29999999999999));
#2162=CARTESIAN_POINT('Ctrl Pts',(10.4592584587716,4.03390525588469,5.29999999999999));
#2163=CARTESIAN_POINT('Ctrl Pts',(10.5612120620027,5.00276995216605,5.29999999999999));
#2164=CARTESIAN_POINT('',(5.45369199718395,6.5936368576014,5.29999999999999));
#2165=CARTESIAN_POINT('',(12.3671048178648,4.44027876591392,5.3));
#2166=CARTESIAN_POINT('',(0.,7.90852376049137,5.29999999999999));
#2167=CARTESIAN_POINT('Ctrl Pts',(5.45369199718395,6.5936368576014,5.29999999999999));
#2168=CARTESIAN_POINT('Ctrl Pts',(3.81168520355636,6.05995383368531,5.29999999999999));
#2169=CARTESIAN_POINT('Ctrl Pts',(2.04997634472361,7.87496166363851,5.29999999999999));
#2170=CARTESIAN_POINT('Ctrl Pts',(0.,7.90852376049137,5.29999999999999));
#2171=CARTESIAN_POINT('Ctrl Pts',(0.,7.90852376049137,5.29999999999999));
#2172=CARTESIAN_POINT('Ctrl Pts',(-2.04997634472354,7.87496166363851,5.29999999999999));
#2173=CARTESIAN_POINT('Ctrl Pts',(-3.81168520355623,6.05995383368544,5.29999999999999));
#2174=CARTESIAN_POINT('Ctrl Pts',(-5.45369199718378,6.59363685760135,5.29999999999999));
#2175=CARTESIAN_POINT('Ctrl Pts',(-38.160098345377,15.8036696050224,-8.82331320350157));
#2176=CARTESIAN_POINT('Ctrl Pts',(-38.160098345377,15.8036696050224,18.8233132035015));
#2177=CARTESIAN_POINT('Ctrl Pts',(-36.4011627527051,16.0172799505543,-8.82331320350157));
#2178=CARTESIAN_POINT('Ctrl Pts',(-36.4011627527051,16.0172799505543,18.8233132035015));
#2179=CARTESIAN_POINT('Ctrl Pts',(-34.4455606489096,16.1333983620512,-8.82331320350157));
#2180=CARTESIAN_POINT('Ctrl Pts',(-34.4455606489096,16.1333983620512,18.8233132035015));
#2181=CARTESIAN_POINT('Ctrl Pts',(-32.2796888183321,16.1398444091661,-8.82331320350157));
#2182=CARTESIAN_POINT('Ctrl Pts',(-32.2796888183321,16.1398444091661,18.8233132035015));
#2183=CARTESIAN_POINT('Ctrl Pts',(3.87356265819985,16.2474433718938,-8.82331320350156));
#2184=CARTESIAN_POINT('Ctrl Pts',(3.87356265819985,16.2474433718938,18.8233132035016));
#2185=CARTESIAN_POINT('Ctrl Pts',(-10.4908988659579,-23.779370762838,-8.82331320350156));
#2186=CARTESIAN_POINT('Ctrl Pts',(-10.4908988659579,-23.779370762838,18.8233132035015));
#2187=CARTESIAN_POINT('Ctrl Pts',(-28.2447277160406,-19.2064148469076,-8.82331320350156));
#2188=CARTESIAN_POINT('Ctrl Pts',(-28.2447277160406,-19.2064148469076,18.8233132035015));
#2189=CARTESIAN_POINT('Ctrl Pts',(-44.934958792179,-14.9074159333568,-8.82331320350157));
#2190=CARTESIAN_POINT('Ctrl Pts',(-44.934958792179,-14.9074159333568,18.8233132035015));
#2191=CARTESIAN_POINT('Ctrl Pts',(-65.7617370559115,12.4516448880461,-8.82331320350157));
#2192=CARTESIAN_POINT('Ctrl Pts',(-65.7617370559115,12.4516448880461,18.8233132035015));
#2193=CARTESIAN_POINT('Ctrl Pts',(-38.160098345377,15.8036696050224,-8.82331320350157));
#2194=CARTESIAN_POINT('Ctrl Pts',(-38.160098345377,15.8036696050224,18.8233132035015));
#2195=CARTESIAN_POINT('',(-15.3192312788161,11.3411663794883,4.79999999999999));
#2196=CARTESIAN_POINT('Ctrl Pts',(-15.3192312788161,11.3411663794883,4.79999999999999));
#2197=CARTESIAN_POINT('Ctrl Pts',(-15.0195095984195,11.09519900841,4.79999999999999));
#2198=CARTESIAN_POINT('Ctrl Pts',(-14.7297578138584,10.8389871512099,4.80490205406761));
#2199=CARTESIAN_POINT('Ctrl Pts',(-14.4505268237188,10.5724250480565,4.81536950289583));
#2200=CARTESIAN_POINT('Ctrl Pts',(-14.1793240204657,10.3135268878628,4.82553600147717));
#2201=CARTESIAN_POINT('Ctrl Pts',(-13.9180460444706,10.0448647385056,4.84095247331007));
#2202=CARTESIAN_POINT('Ctrl Pts',(-13.6672281612923,9.76637964371101,4.86222667307752));
#2203=CARTESIAN_POINT('Ctrl Pts',(-13.5170631797592,9.59965026784996,4.87496356318572));
#2204=CARTESIAN_POINT('Ctrl Pts',(-13.370648114461,9.42940067485173,4.88980011599972));
#2205=CARTESIAN_POINT('Ctrl Pts',(-13.2281026375535,9.25562584562892,4.90686675591136));
#2206=CARTESIAN_POINT('Ctrl Pts',(-12.9450546053327,8.9105666790518,4.94075544146218));
#2207=CARTESIAN_POINT('Ctrl Pts',(-12.6797725316055,8.55466799388412,4.98316495984408));
#2208=CARTESIAN_POINT('Ctrl Pts',(-12.4322494157729,8.18847018168957,5.03470854320457));
#2209=CARTESIAN_POINT('Ctrl Pts',(-12.3549143886641,8.07405695754291,5.05081259232765));
#2210=CARTESIAN_POINT('Ctrl Pts',(-12.2793131997706,7.95863862995359,5.0678082722349));
#2211=CARTESIAN_POINT('Ctrl Pts',(-12.2054463784548,7.84223242868167,5.08571428571428));
#2212=CARTESIAN_POINT('',(-11.513901050442,6.62471413786231,4.79999999999999));
#2213=CARTESIAN_POINT('Ctrl Pts',(-15.3192312788161,11.3411663794883,4.79999999999999));
#2214=CARTESIAN_POINT('Ctrl Pts',(-13.6438456631023,9.96625684710433,4.79999999999999));
#2215=CARTESIAN_POINT('Ctrl Pts',(-12.3924063163286,8.36353372691883,4.79999999999999));
#2216=CARTESIAN_POINT('Ctrl Pts',(-11.513901050442,6.62471413786232,4.79999999999999));
#2217=CARTESIAN_POINT('',(-11.513901050442,6.62471413786231,-8.48099811834398E-15));
#2218=CARTESIAN_POINT('',(-11.513901050442,6.62471413786231,-8.48099811834398E-15));
#2219=CARTESIAN_POINT('',(-9.86823520286804,-0.860381443430951,-8.27946217707422E-15));
#2220=CARTESIAN_POINT('Ctrl Pts',(-11.513901050442,6.6247141378623,-8.48099811834398E-15));
#2221=CARTESIAN_POINT('Ctrl Pts',(-10.3393324442158,4.29989836212988,-8.33715494994459E-15));
#2222=CARTESIAN_POINT('Ctrl Pts',(-9.83141726064467,1.731797830635,-8.27495327956472E-15));
#2223=CARTESIAN_POINT('Ctrl Pts',(-9.86823520286804,-0.860381443430949,
-8.27946217707422E-15));
#2224=CARTESIAN_POINT('',(-9.86823520286804,-0.860381443430951,5.29999999999999));
#2225=CARTESIAN_POINT('',(-9.86823520286804,-0.860381443430951,-8.27946217707422E-15));
#2226=CARTESIAN_POINT('Ctrl Pts',(-10.0415261520233,1.88901968011945,5.29999999999999));
#2227=CARTESIAN_POINT('Ctrl Pts',(-9.91105807320839,0.982197697311299,5.29999999999999));
#2228=CARTESIAN_POINT('Ctrl Pts',(-9.85512802155646,0.0624339472769813,
5.29999999999999));
#2229=CARTESIAN_POINT('Ctrl Pts',(-9.86823520286797,-0.860381443426206,
5.29999999999999));
#2230=CARTESIAN_POINT('Origin',(-14.5875473451887,11.5690679325853,36.8));
#2231=CARTESIAN_POINT('',(-14.5875473451887,11.5690679325853,4.79999999999999));
#2232=CARTESIAN_POINT('Origin',(12.3671048178648,4.44027876591392,-18.7));
#2233=CARTESIAN_POINT('Ctrl Pts',(6.93437160622692,8.05112494831763,5.22998582176284));
#2234=CARTESIAN_POINT('Ctrl Pts',(6.75760681234223,7.67406249120307,5.26156873989657));
#2235=CARTESIAN_POINT('Ctrl Pts',(6.56433036616367,7.36316174920604,5.27802694268114));
#2236=CARTESIAN_POINT('Ctrl Pts',(6.24109283932529,7.04827649484284,5.29096698468288));
#2237=CARTESIAN_POINT('Ctrl Pts',(5.9866791399074,6.81150679425304,5.29861602689185));
#2238=CARTESIAN_POINT('Ctrl Pts',(5.56202109002188,6.63146457089668,5.29993218048725));
#2239=CARTESIAN_POINT('Ctrl Pts',(5.50807617217378,6.61131273511567,5.29999999999999));
#2240=CARTESIAN_POINT('Ctrl Pts',(5.45369199718395,6.5936368576014,5.29999999999999));
#2241=CARTESIAN_POINT('',(11.1133134124232,8.18240499186723,5.08571428571428));
#2242=CARTESIAN_POINT('Ctrl Pts',(10.5612120620027,5.00276995216605,5.29999999999999));
#2243=CARTESIAN_POINT('Ctrl Pts',(10.5870117849835,5.24794461963946,5.29999999999999));
#2244=CARTESIAN_POINT('Ctrl Pts',(10.6160279147045,5.49260213332329,5.29634597261285));
#2245=CARTESIAN_POINT('Ctrl Pts',(10.7656006965522,6.61512909509312,5.26254381013313));
#2246=CARTESIAN_POINT('Ctrl Pts',(10.9210663402565,7.43279226600918,5.1896909461483));
#2247=CARTESIAN_POINT('Ctrl Pts',(11.1133134124232,8.18240499186723,5.08571428571428));
#2248=CARTESIAN_POINT('',(13.3187230438608,7.49547412305881,5.08571428571428));
#2249=CARTESIAN_POINT('Ctrl Pts',(6.93437160622692,8.05112494831763,-6.22173631246526E-15));
#2250=CARTESIAN_POINT('Ctrl Pts',(6.93437160622692,8.05112494831763,5.29999999999999));
#2251=CARTESIAN_POINT('Ctrl Pts',(6.74776474003582,7.65306806190865,-6.24458906260324E-15));
#2252=CARTESIAN_POINT('Ctrl Pts',(6.74776474003582,7.65306806190865,5.29999999999999));
#2253=CARTESIAN_POINT('Ctrl Pts',(6.54238485002427,7.32813316787261,-6.26974084509443E-15));
#2254=CARTESIAN_POINT('Ctrl Pts',(6.54238485002427,7.32813316787261,5.29999999999999));
#2255=CARTESIAN_POINT('Ctrl Pts',(4.41155747183872,5.37994813638869,-6.53069193791748E-15));
#2256=CARTESIAN_POINT('Ctrl Pts',(4.41155747183872,5.37994813638869,5.29999999999999));
#2257=CARTESIAN_POINT('Ctrl Pts',(2.40399270412015,7.86916572781118,-6.77654771460423E-15));
#2258=CARTESIAN_POINT('Ctrl Pts',(2.40399270412015,7.86916572781118,5.29999999999999));
#2259=CARTESIAN_POINT('Ctrl Pts',(0.,7.90852376049137,-7.07095191163167E-15));
#2260=CARTESIAN_POINT('Ctrl Pts',(0.,7.90852376049137,5.29999999999999));
#2261=CARTESIAN_POINT('',(0.,7.90852376049137,-7.07095191163167E-15));
#2262=CARTESIAN_POINT('Ctrl Pts',(6.93437160624243,8.05112494835071,-6.22173631246336E-15));
#2263=CARTESIAN_POINT('Ctrl Pts',(6.7477647400472,7.65306806192665,-6.24458906260185E-15));
#2264=CARTESIAN_POINT('Ctrl Pts',(6.54238485003113,7.32813316787889,-6.26974084509359E-15));
#2265=CARTESIAN_POINT('Ctrl Pts',(4.41155747183872,5.37994813638869,-6.53069193791748E-15));
#2266=CARTESIAN_POINT('Ctrl Pts',(2.40399270412015,7.86916572781118,-6.77654771460423E-15));
#2267=CARTESIAN_POINT('Ctrl Pts',(0.,7.90852376049137,-7.07095191163167E-15));
#2268=CARTESIAN_POINT('',(0.,7.90852376049137,-7.07095191163167E-15));
#2269=CARTESIAN_POINT('Origin',(14.5875473451887,11.5690679325853,36.8));
#2270=CARTESIAN_POINT('',(12.9214128820104,12.0880278473458,4.79999999999999));
#2271=CARTESIAN_POINT('Ctrl Pts',(11.1133134124232,8.18240499186723,5.08571428571428));
#2272=CARTESIAN_POINT('Ctrl Pts',(11.1429230109497,8.29785919157402,5.06969996031065));
#2273=CARTESIAN_POINT('Ctrl Pts',(11.1737342784362,8.41297901763564,5.05436315129933));
#2274=CARTESIAN_POINT('Ctrl Pts',(11.3555654236145,9.06307801842502,4.97130429413082));
#2275=CARTESIAN_POINT('Ctrl Pts',(11.5352982838766,9.59804219160264,4.91695863800142));
#2276=CARTESIAN_POINT('Ctrl Pts',(12.0501479381077,10.8141982008892,4.82497369738709));
#2277=CARTESIAN_POINT('Ctrl Pts',(12.4300292382681,11.5061218420474,4.79999999999999));
#2278=CARTESIAN_POINT('Ctrl Pts',(12.9214128820104,12.0880278473458,4.79999999999999));
#2279=CARTESIAN_POINT('',(14.5875473451887,11.5690679325853,4.8));
#2280=CARTESIAN_POINT('Origin',(11.5656718908183,2.27542282516608,9.3));
#2281=CARTESIAN_POINT('',(10.5050834630859,-1.49275853348978,7.18));
#2282=CARTESIAN_POINT('Ctrl Pts',(10.5050834630859,-1.49275853349,7.18000000000034));
#2283=CARTESIAN_POINT('Ctrl Pts',(10.4972749697527,-1.38836819803253,7.01502762387159));
#2284=CARTESIAN_POINT('Ctrl Pts',(10.4889354090221,-1.27178699027758,6.85771895213321));
#2285=CARTESIAN_POINT('Ctrl Pts',(10.4804172009488,-1.14385246550689,6.70936517104566));
#2286=CARTESIAN_POINT('Ctrl Pts',(10.4795771657557,-1.13123602055926,6.69473505212179));
#2287=CARTESIAN_POINT('Ctrl Pts',(10.4787354229604,-1.11850919169668,6.68019202128686));
#2288=CARTESIAN_POINT('Ctrl Pts',(10.4778923293036,-1.10567280219796,6.66573731687148));
#2289=CARTESIAN_POINT('Ctrl Pts',(10.4683278755924,-0.960050720715001,6.50175630457837));
#2290=CARTESIAN_POINT('Ctrl Pts',(10.4586651816081,-0.801481526525716,6.35041871040697));
#2291=CARTESIAN_POINT('Ctrl Pts',(10.4494247962075,-0.63164478497243,6.21290415875601));
#2292=CARTESIAN_POINT('Ctrl Pts',(10.4406579871787,-0.47051229809767,6.08243732639492));
#2293=CARTESIAN_POINT('Ctrl Pts',(10.4322726109586,-0.299237961310552,5.96441296298999));
#2294=CARTESIAN_POINT('Ctrl Pts',(10.4247056315989,-0.119306405862471,5.85983845968735));
#2295=CARTESIAN_POINT('Ctrl Pts',(10.4242968691155,-0.109586639763777,5.8541894243669));
#2296=CARTESIAN_POINT('Ctrl Pts',(10.4238904902154,-0.0998416231026378,
5.84857963679301));
#2297=CARTESIAN_POINT('Ctrl Pts',(10.4234865620412,-0.090071593948295,5.84300925576315));
#2298=CARTESIAN_POINT('Ctrl Pts',(10.4163908558423,0.0815560885480992,5.74515575177928));
#2299=CARTESIAN_POINT('Ctrl Pts',(10.4100988405859,0.259842083003844,5.66006889018714));
#2300=CARTESIAN_POINT('Ctrl Pts',(10.4049188881805,0.44335317810177,5.58812299770281));
#2301=CARTESIAN_POINT('Ctrl Pts',(10.399956099827,0.619170763713395,5.51919336102598));
#2302=CARTESIAN_POINT('Ctrl Pts',(10.3960144534341,0.799783712911974,5.46232594765877));
#2303=CARTESIAN_POINT('Ctrl Pts',(10.3933227682333,0.983916422297721,5.41784995074334));
#2304=CARTESIAN_POINT('Ctrl Pts',(10.3907377172163,1.16075450407676,5.37513592124813));
#2305=CARTESIAN_POINT('Ctrl Pts',(10.389315647231,1.34018677506411,5.34400987577837));
#2306=CARTESIAN_POINT('Ctrl Pts',(10.3891871406479,1.52104908122152,5.32450916539169));
#2307=CARTESIAN_POINT('Ctrl Pts',(10.3891739356763,1.53963397827836,5.32250532776089));
#2308=CARTESIAN_POINT('Ctrl Pts',(10.3891743446679,1.55823398397128,5.32062424243935));
#2309=CARTESIAN_POINT('Ctrl Pts',(10.389188478095,1.57684784223757,5.31886594995357));
#2310=CARTESIAN_POINT('Ctrl Pts',(10.389289680042,1.71013177203266,5.30627575350524));
#2311=CARTESIAN_POINT('Ctrl Pts',(10.3900957921769,1.84392978979029,5.29999999999999));
#2312=CARTESIAN_POINT('Ctrl Pts',(10.3916317093631,1.97777883550139,5.29999999999999));
#2313=CARTESIAN_POINT('',(4.62978334264539,-2.98227124008034,7.18));
#2314=CARTESIAN_POINT('Ctrl Pts',(1.90030374888961,-0.174952196731338,5.3));
#2315=CARTESIAN_POINT('Ctrl Pts',(1.96893654920808,-0.194260625875108,5.3));
#2316=CARTESIAN_POINT('Ctrl Pts',(2.0369298464046,-0.215553382427271,5.30047129903326));
#2317=CARTESIAN_POINT('Ctrl Pts',(2.49806393573555,-0.375997412339404,5.30802019522488));
#2318=CARTESIAN_POINT('Ctrl Pts',(2.8030668863412,-0.56193518880342,5.33669167896311));
#2319=CARTESIAN_POINT('Ctrl Pts',(3.32200865595441,-0.965025630107778,5.4486455107138));
#2320=CARTESIAN_POINT('Ctrl Pts',(3.55196990537943,-1.20621562558925,5.54120103149665));
#2321=CARTESIAN_POINT('Ctrl Pts',(3.96273564715387,-1.72207139212727,5.82289439564335));
#2322=CARTESIAN_POINT('Ctrl Pts',(4.13369710273383,-1.98916578436518,6.0126407213836));
#2323=CARTESIAN_POINT('Ctrl Pts',(4.47795365538516,-2.58831817650947,6.57562270267798));
#2324=CARTESIAN_POINT('Ctrl Pts',(4.56724403940383,-2.82987483183254,6.91905375147542));
#2325=CARTESIAN_POINT('Ctrl Pts',(4.62978334264616,-2.98227124008223,7.18000000000322));
#2326=CARTESIAN_POINT('',(12.3992422777292,-1.01254925653797,7.18));
#2327=CARTESIAN_POINT('Origin',(13.6495978580955,-5.94450737909404,4.));
#2328=CARTESIAN_POINT('',(6.39683296453996,-7.7832365070377,9.99999999999999));
#2329=CARTESIAN_POINT('Ctrl Pts',(4.62978334264539,-2.98227124008034,7.17999999999999));
#2330=CARTESIAN_POINT('Ctrl Pts',(4.78750700437628,-3.36661385820366,7.83810451506251));
#2331=CARTESIAN_POINT('Ctrl Pts',(4.97428259421834,-3.87136738815995,8.41027641356905));
#2332=CARTESIAN_POINT('Ctrl Pts',(5.40572469608935,-5.0681304936369,9.32436160022269));
#2333=CARTESIAN_POINT('Ctrl Pts',(5.64721158154831,-5.74994619622623,9.65421563287557));
#2334=CARTESIAN_POINT('Ctrl Pts',(6.06666540108483,-6.90142546655268,9.94511277785273));
#2335=CARTESIAN_POINT('Ctrl Pts',(6.22967608879146,-7.3422117049971,10.));
#2336=CARTESIAN_POINT('Ctrl Pts',(6.39683296453996,-7.7832365070377,10.));
#2337=CARTESIAN_POINT('',(11.1888645731477,-6.56835525415122,9.99999999999999));
#2338=CARTESIAN_POINT('',(13.6495978580955,-5.94450737909404,10.));
#2339=CARTESIAN_POINT('Ctrl Pts',(11.1888645731477,-6.56835525415122,10.));
#2340=CARTESIAN_POINT('Ctrl Pts',(11.136474929107,-6.30230726996785,10.));
#2341=CARTESIAN_POINT('Ctrl Pts',(11.0868450969584,-6.03606449136524,9.98167306927923));
#2342=CARTESIAN_POINT('Ctrl Pts',(10.9899832723197,-5.48714287899987,9.90602912558969));
#2343=CARTESIAN_POINT('Ctrl Pts',(10.943340981353,-5.20548500193791,9.84601535452127));
#2344=CARTESIAN_POINT('Ctrl Pts',(10.8156398186876,-4.38512002577443,9.60799706933128));
#2345=CARTESIAN_POINT('Ctrl Pts',(10.7454743269459,-3.86449917213714,9.37319635465451));
#2346=CARTESIAN_POINT('Ctrl Pts',(10.6085078214141,-2.71290462376897,8.64484992274172));
#2347=CARTESIAN_POINT('Ctrl Pts',(10.5549350822224,-2.1289745577587,8.09222693475065));
#2348=CARTESIAN_POINT('Ctrl Pts',(10.5137914289985,-1.60768374378244,7.35647659910652));
#2349=CARTESIAN_POINT('Ctrl Pts',(10.5092929991364,-1.54903505978942,7.26893612826547));
#2350=CARTESIAN_POINT('Ctrl Pts',(10.5050834630859,-1.49275853348979,7.18));
#2351=CARTESIAN_POINT('Origin',(-11.5656718908183,2.27542282516607,9.3));
#2352=CARTESIAN_POINT('',(-9.89598391026662,-1.64717813842989,7.17999999999999));
#2353=CARTESIAN_POINT('Ctrl Pts',(-10.0415261520233,1.88901968011947,5.3));
#2354=CARTESIAN_POINT('Ctrl Pts',(-10.0183349692996,1.72782872450676,5.29999999999999));
#2355=CARTESIAN_POINT('Ctrl Pts',(-9.99755355489793,1.56656474490009,5.30849763681884));
#2356=CARTESIAN_POINT('Ctrl Pts',(-9.95028546696387,1.15339683700542,5.35281719105608));
#2357=CARTESIAN_POINT('Ctrl Pts',(-9.92748122413769,0.903498291995699,5.40137920975984));
#2358=CARTESIAN_POINT('Ctrl Pts',(-9.88247652905113,0.264697433653784,5.58564400226178));
#2359=CARTESIAN_POINT('Ctrl Pts',(-9.86965340626339,-0.110516641033502,
5.75517150344256));
#2360=CARTESIAN_POINT('Ctrl Pts',(-9.86354876814614,-0.884743120284343,
6.25772627866248));
#2361=CARTESIAN_POINT('Ctrl Pts',(-9.87578534685763,-1.25601764534631,6.61471086508366));
#2362=CARTESIAN_POINT('Ctrl Pts',(-9.89245710071619,-1.58298249981444,7.08147009876883));
#2363=CARTESIAN_POINT('Ctrl Pts',(-9.89421337487977,-1.61565214675979,7.13040922343075));
#2364=CARTESIAN_POINT('Ctrl Pts',(-9.89598391026662,-1.64717813842989,7.17999999999999));
#2365=CARTESIAN_POINT('',(-4.47421253406714,-3.02171172676482,7.18000000000413));
#2366=CARTESIAN_POINT('',(-12.3992422777292,-1.01254925653797,7.17999999999999));
#2367=CARTESIAN_POINT('Ctrl Pts',(-4.47421253406671,-3.02171172676495,7.18000000000417));
#2368=CARTESIAN_POINT('Ctrl Pts',(-4.47214293358513,-3.01709703624864,7.17202918337323));
#2369=CARTESIAN_POINT('Ctrl Pts',(-4.47005982341199,-3.01245639982898,7.16407532780185));
#2370=CARTESIAN_POINT('Ctrl Pts',(-4.39419200744645,-2.84360280290199,6.87688946134689));
#2371=CARTESIAN_POINT('Ctrl Pts',(-4.29505908669218,-2.60886736941475,6.55434605012074));
#2372=CARTESIAN_POINT('Ctrl Pts',(-3.9647161057326,-2.03259697119788,6.01320202018286));
#2373=CARTESIAN_POINT('Ctrl Pts',(-3.79654625151455,-1.7654078098929,5.82349549010138));
#2374=CARTESIAN_POINT('Ctrl Pts',(-3.35785155634422,-1.19388085659258,5.51317533546466));
#2375=CARTESIAN_POINT('Ctrl Pts',(-3.08475281888857,-0.90061677587525,5.41219046982086));
#2376=CARTESIAN_POINT('Ctrl Pts',(-2.55432438730391,-0.511842159277724,
5.3251502959186));
#2377=CARTESIAN_POINT('Ctrl Pts',(-2.26439492803235,-0.326819807012355,
5.3));
#2378=CARTESIAN_POINT('Ctrl Pts',(-1.8334377541807,-0.191904139051909,5.3));
#2379=CARTESIAN_POINT('Origin',(24.6508009740552,-13.0804502037145,14.2));
#2380=CARTESIAN_POINT('',(19.1226698553755,-18.6085813223942,4.2));
#2381=CARTESIAN_POINT('',(13.5970809695201,-13.9622409888611,7.25263157894473));
#2382=CARTESIAN_POINT('Ctrl Pts',(19.1226698553753,-18.6085813223942,4.2));
#2383=CARTESIAN_POINT('Ctrl Pts',(18.9475936498866,-18.5525510293748,4.2));
#2384=CARTESIAN_POINT('Ctrl Pts',(18.7744682695367,-18.4941044570345,4.20400747399296));
#2385=CARTESIAN_POINT('Ctrl Pts',(17.9832247641846,-18.2113280276037,4.24134014546354));
#2386=CARTESIAN_POINT('Ctrl Pts',(17.38470977863,-17.9524323193665,4.32517401570743));
#2387=CARTESIAN_POINT('Ctrl Pts',(16.1620874789437,-17.2640417880838,4.64327255299715));
#2388=CARTESIAN_POINT('Ctrl Pts',(15.6194302457534,-16.8239381641013,4.88870421587121));
#2389=CARTESIAN_POINT('Ctrl Pts',(14.5047477003344,-15.5634762315387,5.72959724850253));
#2390=CARTESIAN_POINT('Ctrl Pts',(14.0000426442689,-14.7390734553254,6.38893889917462));
#2391=CARTESIAN_POINT('Ctrl Pts',(13.5970809695215,-13.962240988862,7.2526315789431));
#2392=CARTESIAN_POINT('',(19.5648363643592,-7.99448559401844,7.25263157894737));
#2393=CARTESIAN_POINT('',(24.6508009740552,-13.0804502037145,4.2));
#2394=CARTESIAN_POINT('Origin',(32.7038490186404,-3.29202327212187,4.2));
#2395=CARTESIAN_POINT('Ctrl Pts',(50.2628233253856,-12.0929269460173,4.2));
#2396=CARTESIAN_POINT('Ctrl Pts',(49.556314349942,-14.2778047014021,4.2));
#2397=CARTESIAN_POINT('Ctrl Pts',(48.6573015853101,-15.9675399042583,4.2));
#2398=CARTESIAN_POINT('Ctrl Pts',(47.6125410070399,-16.7854381855327,4.2));
#2399=CARTESIAN_POINT('Ctrl Pts',(43.5881377178389,-19.9359710462215,4.2));
#2400=CARTESIAN_POINT('Ctrl Pts',(27.2173884314995,-21.1991643914242,4.2));
#2401=CARTESIAN_POINT('Ctrl Pts',(19.1226698553788,-18.6085813223953,4.2));
#2402=CARTESIAN_POINT('Origin',(-25.4389605660034,-12.2922906117663,14.2));
#2403=CARTESIAN_POINT('',(-11.7201965406942,-15.8391254176835,7.25263157894736));
#2404=CARTESIAN_POINT('',(-17.0880145494733,-20.6432366282963,4.19999999999999));
#2405=CARTESIAN_POINT('Ctrl Pts',(-17.0880145494733,-20.6432366282963,4.19999999999999));
#2406=CARTESIAN_POINT('Ctrl Pts',(-16.8235710112967,-20.4721513279577,4.2));
#2407=CARTESIAN_POINT('Ctrl Pts',(-16.5670632021753,-20.2977812417115,4.21421816214461));
#2408=CARTESIAN_POINT('Ctrl Pts',(-15.8586703178999,-19.7945172344404,4.2927973934255));
#2409=CARTESIAN_POINT('Ctrl Pts',(-15.4268322569904,-19.4608605871011,4.38934167909227));
#2410=CARTESIAN_POINT('Ctrl Pts',(-14.3046211747124,-18.53406987175,4.7687712206795));
#2411=CARTESIAN_POINT('Ctrl Pts',(-13.6718049410093,-17.9395801203087,5.13788705436342));
#2412=CARTESIAN_POINT('Ctrl Pts',(-12.575010626768,-16.8221205936444,6.07079182119957));
#2413=CARTESIAN_POINT('Ctrl Pts',(-12.112174044698,-16.3027882172183,6.62624241420406));
#2414=CARTESIAN_POINT('Ctrl Pts',(-11.7201965406942,-15.8391254176835,7.25263157894738));
#2415=CARTESIAN_POINT('',(-14.2519082111391,-13.3074137472385,7.25263157894736));
#2416=CARTESIAN_POINT('',(-20.3529959563074,-7.20632600207029,7.25263157894736));
#2417=CARTESIAN_POINT('',(-19.6684677952544,-18.0627833825153,4.19999999999999));
#2418=CARTESIAN_POINT('Ctrl Pts',(-14.2521529341676,-13.3075808907582,7.25542014969457));
#2419=CARTESIAN_POINT('Ctrl Pts',(-15.0134998468135,-14.3060119919335,5.97373925697264));
#2420=CARTESIAN_POINT('Ctrl Pts',(-16.0775090007928,-15.5094554870479,5.01250978312425));
#2421=CARTESIAN_POINT('Ctrl Pts',(-17.4600284904482,-16.6028185496995,4.54228776875502));
#2422=CARTESIAN_POINT('Ctrl Pts',(-18.1303988813328,-17.132979772867,4.31428164086031));
#2423=CARTESIAN_POINT('Ctrl Pts',(-18.8776924813022,-17.6298435742885,4.20718172682153));
#2424=CARTESIAN_POINT('Ctrl Pts',(-19.6704455968686,-18.0571333698505,4.20710505591275));
#2425=CARTESIAN_POINT('',(-25.4389605660034,-12.2922906117663,4.19999999999999));
#2426=CARTESIAN_POINT('Origin',(-30.8577284945411,-5.27494769720378,4.19999999999999));
#2427=CARTESIAN_POINT('Ctrl Pts',(-19.6684677952544,-18.0627833825153,4.19999999999999));
#2428=CARTESIAN_POINT('Ctrl Pts',(-22.2708808581484,-19.4660201045533,4.19999999999999));
#2429=CARTESIAN_POINT('Ctrl Pts',(-25.2082307050473,-19.9885428648907,4.19999999999999));
#2430=CARTESIAN_POINT('Ctrl Pts',(-28.2447277160406,-19.2064148469076,4.19999999999999));
#2431=CARTESIAN_POINT('Ctrl Pts',(-33.7941475202729,-17.7770188367266,4.19999999999999));
#2432=CARTESIAN_POINT('Ctrl Pts',(-39.8008749500555,-13.7982642243393,4.19999999999999));
#2433=CARTESIAN_POINT('Ctrl Pts',(-44.3327100703153,-9.00025860467103,4.19999999999999));
#2434=CARTESIAN_POINT('Ctrl Pts',(-48.9419951682664,-10.8175252144463,4.19999999999999));
#2435=CARTESIAN_POINT('Ctrl Pts',(-41.6263732659985,-17.2482279331418,4.19999999999999));
#2436=CARTESIAN_POINT('Ctrl Pts',(-29.7661802042383,-25.5661556516722,4.19999999999999));
#2437=CARTESIAN_POINT('Ctrl Pts',(-19.9206717987213,-22.2561029302942,4.19999999999999));
#2438=CARTESIAN_POINT('Ctrl Pts',(-18.439213429946,-21.5174129000131,4.19999999999999));
#2439=CARTESIAN_POINT('Ctrl Pts',(-17.0880145494733,-20.6432366282963,4.19999999999999));
#2440=CARTESIAN_POINT('Origin',(14.9874682156328,-3.41711744529203,0.999999999999996));
#2441=CARTESIAN_POINT('',(11.2985786454081,-7.10600701551674,9.99999999999999));
#2442=CARTESIAN_POINT('Ctrl Pts',(13.5970809695208,-13.9622409888607,7.25263157894461));
#2443=CARTESIAN_POINT('Ctrl Pts',(13.4519002548769,-13.6823605443732,7.56380638374533));
#2444=CARTESIAN_POINT('Ctrl Pts',(13.3039071727362,-13.3770483352438,7.85080468021904));
#2445=CARTESIAN_POINT('Ctrl Pts',(12.7587535355407,-12.1631574303593,8.81515433673566));
#2446=CARTESIAN_POINT('Ctrl Pts',(12.3781876397875,-11.1366718592359,9.31147836501195));
#2447=CARTESIAN_POINT('Ctrl Pts',(11.7581078015094,-9.08746665783831,9.87909122369458));
#2448=CARTESIAN_POINT('Ctrl Pts',(11.5088105788013,-8.10099306581196,10.));
#2449=CARTESIAN_POINT('Ctrl Pts',(11.2985786454081,-7.10600701551674,10.));
#2450=CARTESIAN_POINT('',(7.61374465595388,-10.7908410049709,9.99999999999999));
#2451=CARTESIAN_POINT('',(14.9874682156328,-3.41711744529203,10.));
#2452=CARTESIAN_POINT('Ctrl Pts',(7.61374465595388,-10.7908410049709,10.));
#2453=CARTESIAN_POINT('Ctrl Pts',(7.86681775701582,-11.3721918779527,10.));
#2454=CARTESIAN_POINT('Ctrl Pts',(8.1299194682529,-11.9483589087857,9.94199732674952));
#2455=CARTESIAN_POINT('Ctrl Pts',(8.73252997978101,-13.1959534291289,9.67931414128277));
#2456=CARTESIAN_POINT('Ctrl Pts',(9.07401675830599,-13.8553410465591,9.44562089211853));
#2457=CARTESIAN_POINT('Ctrl Pts',(9.90448900619531,-15.342760334357,8.66302205070622));
#2458=CARTESIAN_POINT('Ctrl Pts',(10.3853564558603,-16.1060209087437,8.03444248631041));
#2459=CARTESIAN_POINT('Ctrl Pts',(10.8233823872553,-16.7359395711223,7.25263157894735));
#2460=CARTESIAN_POINT('Ctrl Pts',(0.,0.,-3.21677735845909));
#2461=CARTESIAN_POINT('Ctrl Pts',(0.,0.,15.3207773584591));
#2462=CARTESIAN_POINT('Ctrl Pts',(1.54703865607448,0.00707903985126823,
-3.21677735845909));
#2463=CARTESIAN_POINT('Ctrl Pts',(1.54703865607448,0.00707903985126823,
15.3207773584591));
#2464=CARTESIAN_POINT('Ctrl Pts',(3.04679426145315,-0.0277461030135945,
-3.21677735845909));
#2465=CARTESIAN_POINT('Ctrl Pts',(3.04679426145315,-0.0277461030135945,
15.3207773584591));
#2466=CARTESIAN_POINT('Ctrl Pts',(5.61082879933322,-4.63263397013311,-3.21677735845909));
#2467=CARTESIAN_POINT('Ctrl Pts',(5.61082879933322,-4.63263397013311,15.3207773584591));
#2468=CARTESIAN_POINT('Ctrl Pts',(9.02371527574127,-18.9969521303796,-3.21677735845909));
#2469=CARTESIAN_POINT('Ctrl Pts',(9.02371527574127,-18.9969521303796,15.3207773584591));
#2470=CARTESIAN_POINT('Ctrl Pts',(23.9173322970179,-24.1226774688709,-3.21677735845908));
#2471=CARTESIAN_POINT('Ctrl Pts',(23.9173322970179,-24.1226774688709,15.3207773584591));
#2472=CARTESIAN_POINT('Ctrl Pts',(45.0451538906827,-23.5575763212205,-3.21677735845908));
#2473=CARTESIAN_POINT('Ctrl Pts',(45.0451538906827,-23.5575763212205,15.3207773584591));
#2474=CARTESIAN_POINT('Ctrl Pts',(54.4491629457645,-16.8844622012979,-3.21677735845908));
#2475=CARTESIAN_POINT('Ctrl Pts',(54.4491629457645,-16.8844622012979,15.3207773584591));
#2476=CARTESIAN_POINT('Ctrl Pts',(53.6725220947862,-9.36150385277781,-3.21677735845908));
#2477=CARTESIAN_POINT('Ctrl Pts',(53.6725220947862,-9.36150385277781,15.3207773584591));
#2478=CARTESIAN_POINT('Ctrl Pts',(57.3475704506857,-2.01140714097897,-3.21677735845908));
#2479=CARTESIAN_POINT('Ctrl Pts',(57.3475704506857,-2.01140714097897,15.3207773584591));
#2480=CARTESIAN_POINT('Ctrl Pts',(60.1547388781431,-0.327887592804842,-3.21677735845908));
#2481=CARTESIAN_POINT('Ctrl Pts',(60.1547388781431,-0.327887592804842,15.3207773584591));
#2482=CARTESIAN_POINT('Ctrl Pts',(61.5087040618955,-0.134463995125925,-3.21677735845908));
#2483=CARTESIAN_POINT('Ctrl Pts',(61.5087040618955,-0.134463995125925,15.3207773584591));
#2484=CARTESIAN_POINT('Ctrl Pts',(6.39683296453996,-7.78323650703771,9.99999999999999));
#2485=CARTESIAN_POINT('Ctrl Pts',(6.75869758999941,-8.73797602399824,9.99999999999999));
#2486=CARTESIAN_POINT('Ctrl Pts',(7.16312422204473,-9.75569115483973,9.99999999999999));
#2487=CARTESIAN_POINT('Ctrl Pts',(7.61374465595388,-10.7908410049709,9.99999999999999));
#2488=CARTESIAN_POINT('',(4.29660628185117,-2.27290708537889,5.29999999999999));
#2489=CARTESIAN_POINT('Ctrl Pts',(1.90030374888961,-0.174952196731338,5.29999999999999));
#2490=CARTESIAN_POINT('Ctrl Pts',(2.74887623492603,-0.413680642080514,5.29999999999999));
#2491=CARTESIAN_POINT('Ctrl Pts',(3.55839991610428,-0.972550579562066,5.29999999999999));
#2492=CARTESIAN_POINT('Ctrl Pts',(4.29660628185116,-2.27290708537888,5.29999999999999));
#2493=CARTESIAN_POINT('',(4.29660628185117,-2.27290708537889,-6.54476939860512E-15));
#2494=CARTESIAN_POINT('',(4.29660628185117,-2.27290708537889,-6.54476939860512E-15));
#2495=CARTESIAN_POINT('Ctrl Pts',(4.29660628185117,-2.27290708537889,-6.54476939860512E-15));
#2496=CARTESIAN_POINT('Ctrl Pts',(4.30735652223373,-2.29184372108022,-6.54345287385767E-15));
#2497=CARTESIAN_POINT('Ctrl Pts',(4.31809163829947,-2.31093760439669,-6.54213820130483E-15));
#2498=CARTESIAN_POINT('Ctrl Pts',(5.32087695267622,-4.11189381589805,-6.41933241875648E-15));
#2499=CARTESIAN_POINT('Ctrl Pts',(7.58893942071858,-13.1164322138997,-6.14157487458105E-15));
#2500=CARTESIAN_POINT('Ctrl Pts',(12.0148396707291,-18.2859638765661,-5.59955841712896E-15));
#2501=CARTESIAN_POINT('Origin',(29.1825425262788,-2.01748055114576,10.));
#2502=CARTESIAN_POINT('Ctrl Pts',(11.2985786454081,-7.10600701551674,9.99999999999999));
#2503=CARTESIAN_POINT('Ctrl Pts',(11.2609025129661,-6.92769335210779,9.99999999999999));
#2504=CARTESIAN_POINT('Ctrl Pts',(11.2243267204545,-6.74844108940623,9.99999999999999));
#2505=CARTESIAN_POINT('Ctrl Pts',(11.1888645731477,-6.56835525415122,9.99999999999999));
#2506=CARTESIAN_POINT('Origin',(-15.7756278075809,-2.62895785334388,0.999999999999989));
#2507=CARTESIAN_POINT('',(-7.98648944839503,-10.4180962125298,9.99999999999999));
#2508=CARTESIAN_POINT('Ctrl Pts',(-11.7201965406942,-15.8391254176835,7.25263157894736));
#2509=CARTESIAN_POINT('Ctrl Pts',(-11.2118686381467,-15.2378339252654,8.06495138567094));
#2510=CARTESIAN_POINT('Ctrl Pts',(-10.6353148456303,-14.5053214298952,8.71797051456503));
#2511=CARTESIAN_POINT('Ctrl Pts',(-9.66150257545518,-13.1287592075818,9.47843328033752));
#2512=CARTESIAN_POINT('Ctrl Pts',(-9.28152640637994,-12.5591275235458,9.6939762510264));
#2513=CARTESIAN_POINT('Ctrl Pts',(-8.5928863382554,-11.4607792935138,9.94356050094044));
#2514=CARTESIAN_POINT('Ctrl Pts',(-8.2845259212514,-10.9432248837971,9.99999999999999));
#2515=CARTESIAN_POINT('Ctrl Pts',(-7.98648944839502,-10.4180962125297,9.99999999999999));
#2516=CARTESIAN_POINT('',(-11.0545660945428,-7.35001956638206,9.99999999999999));
#2517=CARTESIAN_POINT('',(-15.7756278075809,-2.62895785334388,9.99999999999999));
#2518=CARTESIAN_POINT('Ctrl Pts',(-11.0545660945427,-7.35001956638207,9.99999999999999));
#2519=CARTESIAN_POINT('Ctrl Pts',(-11.287554291195,-8.01300447672679,9.99999999999999));
#2520=CARTESIAN_POINT('Ctrl Pts',(-11.5513481104445,-8.66143906202711,9.93319762852467));
#2521=CARTESIAN_POINT('Ctrl Pts',(-12.1496381518079,-9.95754724750859,9.6400199469402));
#2522=CARTESIAN_POINT('Ctrl Pts',(-12.4835703534462,-10.591951766527,9.40420996875023));
#2523=CARTESIAN_POINT('Ctrl Pts',(-13.312397406922,-12.0073505044685,8.62607846406107));
#2524=CARTESIAN_POINT('Ctrl Pts',(-13.8041405476635,-12.7199706535325,8.01047900483709));
#2525=CARTESIAN_POINT('Ctrl Pts',(-14.2519082111391,-13.3074137472385,7.25263157894736));
#2526=CARTESIAN_POINT('Ctrl Pts',(-23.9412226745706,15.3082172977194,-13.6728626248655));
#2527=CARTESIAN_POINT('Ctrl Pts',(-23.9412226745706,15.3082172977194,24.5149678880234));
#2528=CARTESIAN_POINT('Ctrl Pts',(1.34195351126646,9.60423298857914,-13.6728626248655));
#2529=CARTESIAN_POINT('Ctrl Pts',(1.34195351126646,9.60423298857914,24.5149678880234));
#2530=CARTESIAN_POINT('Ctrl Pts',(-12.039441375131,-23.3805037528995,-13.6728626248655));
#2531=CARTESIAN_POINT('Ctrl Pts',(-12.039441375131,-23.3805037528995,24.5149678880234));
#2532=CARTESIAN_POINT('Ctrl Pts',(-28.2447277160406,-19.2064148469076,-13.6728626248655));
#2533=CARTESIAN_POINT('Ctrl Pts',(-28.2447277160406,-19.2064148469076,24.5149678880234));
#2534=CARTESIAN_POINT('Ctrl Pts',(-45.9985565661233,-14.6334589309772,-13.6728626248655));
#2535=CARTESIAN_POINT('Ctrl Pts',(-45.9985565661233,-14.6334589309772,24.5149678880234));
#2536=CARTESIAN_POINT('Ctrl Pts',(-68.4329402948641,16.0322454464383,-13.6728626248655));
#2537=CARTESIAN_POINT('Ctrl Pts',(-68.4329402948641,16.0322454464383,24.5149678880234));
#2538=CARTESIAN_POINT('Ctrl Pts',(-32.2796888183321,16.1398444091661,-13.6728626248655));
#2539=CARTESIAN_POINT('Ctrl Pts',(-32.2796888183321,16.1398444091661,24.5149678880234));
#2540=CARTESIAN_POINT('Ctrl Pts',(-29.1262931632889,16.1492295152823,-13.6728626248655));
#2541=CARTESIAN_POINT('Ctrl Pts',(-29.1262931632889,16.1492295152823,24.5149678880234));
#2542=CARTESIAN_POINT('Ctrl Pts',(-26.3572289250644,15.8532778408375,-13.6728626248655));
#2543=CARTESIAN_POINT('Ctrl Pts',(-26.3572289250644,15.8532778408375,24.5149678880234));
#2544=CARTESIAN_POINT('Ctrl Pts',(-23.9412226745706,15.3082172977194,-13.6728626248655));
#2545=CARTESIAN_POINT('Ctrl Pts',(-23.9412226745706,15.3082172977194,24.5149678880234));
#2546=CARTESIAN_POINT('',(-10.8250483121595,-6.66059036257077,9.99999999999999));
#2547=CARTESIAN_POINT('Ctrl Pts',(-10.8250483121595,-6.66059036257077,9.99999999999999));
#2548=CARTESIAN_POINT('Ctrl Pts',(-10.8977296965541,-6.89165706308311,9.99999999999999));
#2549=CARTESIAN_POINT('Ctrl Pts',(-10.9742675489008,-7.12152419688193,9.99999999999999));
#2550=CARTESIAN_POINT('Ctrl Pts',(-11.0545660945428,-7.35001956638206,9.99999999999999));
#2551=CARTESIAN_POINT('Ctrl Pts',(-9.89598391026662,-1.64717813842989,7.17999999999999));
#2552=CARTESIAN_POINT('Ctrl Pts',(-9.89745356102428,-1.67334660582592,7.22116332432538));
#2553=CARTESIAN_POINT('Ctrl Pts',(-9.89900561231247,-1.70001848119606,7.26202833777585));
#2554=CARTESIAN_POINT('Ctrl Pts',(-9.92756785165086,-2.17311048964445,7.96824447851707));
#2555=CARTESIAN_POINT('Ctrl Pts',(-9.97806927083951,-2.74594816498159,8.54053632108929));
#2556=CARTESIAN_POINT('Ctrl Pts',(-10.1540901250384,-3.94183975383378,9.34591306388046));
#2557=CARTESIAN_POINT('Ctrl Pts',(-10.2627664970019,-4.52732744065359,9.61755348665609));
#2558=CARTESIAN_POINT('Ctrl Pts',(-10.5247768355964,-5.63969685001274,9.92907938651836));
#2559=CARTESIAN_POINT('Ctrl Pts',(-10.6649000928354,-6.15145145526454,9.99999999999999));
#2560=CARTESIAN_POINT('Ctrl Pts',(-10.8250483121595,-6.66059036257077,9.99999999999999));
#2561=CARTESIAN_POINT('',(-15.505681329216,-14.7951222180792,-8.96985021247399E-15));
#2562=CARTESIAN_POINT('Ctrl Pts',(-9.86823520286804,-0.860381443430949,
-8.27946217707422E-15));
#2563=CARTESIAN_POINT('Ctrl Pts',(-9.94083696295645,-5.97193212760954,-8.2883533283847E-15));
#2564=CARTESIAN_POINT('Ctrl Pts',(-12.1316001799761,-11.1771115302014,-8.55664444452598E-15));
#2565=CARTESIAN_POINT('Ctrl Pts',(-15.505681329216,-14.7951222180792,-8.96985021247399E-15));
#2566=CARTESIAN_POINT('',(-15.505681329216,-14.7951222180792,4.19999999999999));
#2567=CARTESIAN_POINT('',(-15.505681329216,-14.7951222180792,-8.96985021247399E-15));
#2568=CARTESIAN_POINT('Ctrl Pts',(-15.505681329216,-14.7951222180792,4.19999999999999));
#2569=CARTESIAN_POINT('Ctrl Pts',(-16.7483374048259,-16.127616240615,4.19999999999999));
#2570=CARTESIAN_POINT('Ctrl Pts',(-18.1514998582397,-17.2448251783684,4.19999999999999));
#2571=CARTESIAN_POINT('Ctrl Pts',(-19.6684677952544,-18.0627833825153,4.19999999999999));
#2572=CARTESIAN_POINT('Origin',(-36.2799756973031,-2.12763273678402,9.99999999999999));
#2573=CARTESIAN_POINT('',(-6.57854035795855,-7.7371698439175,9.99999999999999));
#2574=CARTESIAN_POINT('Ctrl Pts',(-7.98648944839502,-10.4180962125297,9.99999999999999));
#2575=CARTESIAN_POINT('Ctrl Pts',(-7.45900714010862,-9.48869290489847,9.99999999999999));
#2576=CARTESIAN_POINT('Ctrl Pts',(-6.99166543734793,-8.58532483320303,9.99999999999999));
#2577=CARTESIAN_POINT('Ctrl Pts',(-6.57854035795855,-7.7371698439175,9.99999999999999));
#2578=CARTESIAN_POINT('',(-13.6495978580955,-5.94450737909404,9.99999999999999));
#2579=CARTESIAN_POINT('Origin',(-13.6495978580955,-5.94450737909404,3.99999999999999));
#2580=CARTESIAN_POINT('Ctrl Pts',(-6.57854035795855,-7.73716984391749,9.99999999999999));
#2581=CARTESIAN_POINT('Ctrl Pts',(-6.35890960514354,-7.28626301667787,9.99999999999999));
#2582=CARTESIAN_POINT('Ctrl Pts',(-6.1464869074002,-6.83404554400074,9.93972960990085));
#2583=CARTESIAN_POINT('Ctrl Pts',(-5.66351107799939,-5.77552836067642,9.65240770200273));
#2584=CARTESIAN_POINT('Ctrl Pts',(-5.40655396420714,-5.18646735919033,9.37185572971261));
#2585=CARTESIAN_POINT('Ctrl Pts',(-4.92665682600105,-4.06907878443135,8.56887382861396));
#2586=CARTESIAN_POINT('Ctrl Pts',(-4.71338754408014,-3.56248039830864,8.03455502174503));
#2587=CARTESIAN_POINT('Ctrl Pts',(-4.5153360089993,-3.11380454232109,7.33504168580065));
#2588=CARTESIAN_POINT('Ctrl Pts',(-4.49438139119757,-3.06668322467235,7.25767792058613));
#2589=CARTESIAN_POINT('Ctrl Pts',(-4.47421253406672,-3.02171172676496,7.18000000000417));
#2590=CARTESIAN_POINT('Ctrl Pts',(51.8653767637012,-3.16399789977135,-7.19275147607846E-16));
#2591=CARTESIAN_POINT('Ctrl Pts',(51.8653767637012,-3.16399789977135,4.2));
#2592=CARTESIAN_POINT('Ctrl Pts',(51.431210730216,-9.23870939020582,-7.7244515192847E-16));
#2593=CARTESIAN_POINT('Ctrl Pts',(51.431210730216,-9.23870939020582,4.2));
#2594=CARTESIAN_POINT('Ctrl Pts',(49.8587180456429,-15.0270024467407,-9.65019965212971E-16));
#2595=CARTESIAN_POINT('Ctrl Pts',(49.8587180456429,-15.0270024467407,4.2));
#2596=CARTESIAN_POINT('Ctrl Pts',(47.6125410070399,-16.7854381855327,-1.24009731727731E-15));
#2597=CARTESIAN_POINT('Ctrl Pts',(47.6125410070399,-16.7854381855327,4.2));
#2598=CARTESIAN_POINT('Ctrl Pts',(42.9050863876998,-20.470702658959,-1.81659424044794E-15));
#2599=CARTESIAN_POINT('Ctrl Pts',(42.9050863876998,-20.470702658959,4.2));
#2600=CARTESIAN_POINT('Ctrl Pts',(21.3045946200992,-21.5735920269186,-4.46189155076802E-15));
#2601=CARTESIAN_POINT('Ctrl Pts',(21.3045946200992,-21.5735920269186,4.2));
#2602=CARTESIAN_POINT('Ctrl Pts',(15.8170475209828,-16.9468366296244,-5.13392224977836E-15));
#2603=CARTESIAN_POINT('Ctrl Pts',(15.8170475209828,-16.9468366296244,4.2));
#2604=CARTESIAN_POINT('Ctrl Pts',(15.405048052109,-16.5994645284171,-5.18437763285902E-15));
#2605=CARTESIAN_POINT('Ctrl Pts',(15.405048052109,-16.5994645284171,4.2));
#2606=CARTESIAN_POINT('Ctrl Pts',(15.0120023222878,-16.1667247865173,-5.23251185235342E-15));
#2607=CARTESIAN_POINT('Ctrl Pts',(15.0120023222878,-16.1667247865173,4.2));
#2608=CARTESIAN_POINT('Ctrl Pts',(14.6395155065377,-15.661288040774,-5.27812833101672E-15));
#2609=CARTESIAN_POINT('Ctrl Pts',(14.6395155065377,-15.661288040774,4.19999999999999));
#2610=CARTESIAN_POINT('',(14.6395155065307,-15.6612880407645,-5.27812833101757E-15));
#2611=CARTESIAN_POINT('Ctrl Pts',(14.6395155065307,-15.6612880407645,-5.27812833101757E-15));
#2612=CARTESIAN_POINT('Ctrl Pts',(15.0120023222829,-16.1667247865119,-5.23251185235403E-15));
#2613=CARTESIAN_POINT('Ctrl Pts',(15.4050480521065,-16.5994645284149,-5.18437763285933E-15));
#2614=CARTESIAN_POINT('Ctrl Pts',(15.8170475209828,-16.9468366296244,-5.13392224977836E-15));
#2615=CARTESIAN_POINT('Ctrl Pts',(21.3045946200992,-21.5735920269186,-4.46189155076802E-15));
#2616=CARTESIAN_POINT('Ctrl Pts',(42.9050863876998,-20.470702658959,-1.81659424044794E-15));
#2617=CARTESIAN_POINT('Ctrl Pts',(47.6125410070399,-16.7854381855327,-1.24009731727731E-15));
#2618=CARTESIAN_POINT('Ctrl Pts',(49.8587180456429,-15.0270024467407,-9.65019965212971E-16));
#2619=CARTESIAN_POINT('Ctrl Pts',(51.4312107302159,-9.23870939020582,-7.7244515192847E-16));
#2620=CARTESIAN_POINT('Ctrl Pts',(51.8653767637012,-3.16399789977135,-7.19275147607846E-16));
#2621=CARTESIAN_POINT('',(14.6395155065307,-15.6612880407645,4.2));
#2622=CARTESIAN_POINT('',(14.6395155065307,-15.6612880407645,-5.27812833101757E-15));
#2623=CARTESIAN_POINT('Ctrl Pts',(19.1226698553788,-18.6085813223953,4.2));
#2624=CARTESIAN_POINT('Ctrl Pts',(17.7487746731148,-18.1688885073426,4.2));
#2625=CARTESIAN_POINT('Ctrl Pts',(16.613290214402,-17.6181785083896,4.2));
#2626=CARTESIAN_POINT('Ctrl Pts',(15.8170475209828,-16.9468366296244,4.2));
#2627=CARTESIAN_POINT('Ctrl Pts',(15.405048052109,-16.5994645284171,4.2));
#2628=CARTESIAN_POINT('Ctrl Pts',(15.0120023222878,-16.1667247865173,4.2));
#2629=CARTESIAN_POINT('Ctrl Pts',(14.6395155065377,-15.661288040774,4.2));
#2630=CARTESIAN_POINT('Ctrl Pts',(-15.505681329216,-14.7951222180792,-8.96985021247399E-15));
#2631=CARTESIAN_POINT('Ctrl Pts',(-15.505681329216,-14.7951222180792,4.19999999999999));
#2632=CARTESIAN_POINT('Ctrl Pts',(-18.8801586021915,-18.4135576674982,-9.38310449158848E-15));
#2633=CARTESIAN_POINT('Ctrl Pts',(-18.8801586021915,-18.4135576674982,4.19999999999999));
#2634=CARTESIAN_POINT('Ctrl Pts',(-23.4382316713831,-20.4444517068952,-9.94130745103501E-15));
#2635=CARTESIAN_POINT('Ctrl Pts',(-23.4382316713831,-20.4444517068952,4.19999999999999));
#2636=CARTESIAN_POINT('Ctrl Pts',(-28.2447277160406,-19.2064148469076,-1.05299334506554E-14));
#2637=CARTESIAN_POINT('Ctrl Pts',(-28.2447277160406,-19.2064148469076,4.19999999999999));
#2638=CARTESIAN_POINT('Ctrl Pts',(-36.5571380586187,-17.0653394556375,-1.15479101225792E-14));
#2639=CARTESIAN_POINT('Ctrl Pts',(-36.5571380586187,-17.0653394556375,4.19999999999999));
#2640=CARTESIAN_POINT('Ctrl Pts',(-45.8955953469618,-9.20434718280447,-1.26915413052936E-14));
#2641=CARTESIAN_POINT('Ctrl Pts',(-45.8955953469618,-9.20434718280447,4.19999999999999));
#2642=CARTESIAN_POINT('Ctrl Pts',(-49.7664291076438,-1.437923579869,-1.31655817227986E-14));
#2643=CARTESIAN_POINT('Ctrl Pts',(-49.7664291076438,-1.437923579869,4.19999999999999));
#2644=CARTESIAN_POINT('Ctrl Pts',(-15.505681329216,-14.7951222180792,-8.96985021247399E-15));
#2645=CARTESIAN_POINT('Ctrl Pts',(-18.8801586021915,-18.4135576674982,-9.38310449158848E-15));
#2646=CARTESIAN_POINT('Ctrl Pts',(-23.4382316713831,-20.4444517068952,-9.94130745103501E-15));
#2647=CARTESIAN_POINT('Ctrl Pts',(-28.2447277160406,-19.2064148469076,-1.05299334506554E-14));
#2648=CARTESIAN_POINT('Ctrl Pts',(-36.5571380586187,-17.0653394556375,-1.15479101225792E-14));
#2649=CARTESIAN_POINT('Ctrl Pts',(-45.8955953469618,-9.20434718280447,-1.26915413052936E-14));
#2650=CARTESIAN_POINT('Ctrl Pts',(-49.7664291076438,-1.437923579869,-1.31655817227986E-14));
#2651=CARTESIAN_POINT('Ctrl Pts',(-61.5087040618956,-0.134463995125925,
-17.4678932986112));
#2652=CARTESIAN_POINT('Ctrl Pts',(-61.5087040618956,-0.134463995125925,
27.4278932986112));
#2653=CARTESIAN_POINT('Ctrl Pts',(-57.7414170197644,-0.116721930196702,
-17.4678932986112));
#2654=CARTESIAN_POINT('Ctrl Pts',(-57.7414170197644,-0.116721930196702,
27.4278932986112));
#2655=CARTESIAN_POINT('Ctrl Pts',(-57.8402121285402,-1.21227435031854,-17.4678932986112));
#2656=CARTESIAN_POINT('Ctrl Pts',(-57.8402121285402,-1.21227435031854,27.4278932986112));
#2657=CARTESIAN_POINT('Ctrl Pts',(-52.6291989061399,-7.91846601841771,-17.4678932986112));
#2658=CARTESIAN_POINT('Ctrl Pts',(-52.6291989061399,-7.91846601841771,27.4278932986112));
#2659=CARTESIAN_POINT('Ctrl Pts',(-33.3415979672397,-26.7682084872429,-17.4678932986112));
#2660=CARTESIAN_POINT('Ctrl Pts',(-33.3415979672397,-26.7682084872429,27.4278932986112));
#2661=CARTESIAN_POINT('Ctrl Pts',(-9.74649961232567,-18.8355536862879,-17.4678932986112));
#2662=CARTESIAN_POINT('Ctrl Pts',(-9.74649961232567,-18.8355536862879,27.4278932986112));
#2663=CARTESIAN_POINT('Ctrl Pts',(-5.44416736249943,-4.6808780702692,-17.4678932986112));
#2664=CARTESIAN_POINT('Ctrl Pts',(-5.44416736249943,-4.6808780702692,27.4278932986112));
#2665=CARTESIAN_POINT('Ctrl Pts',(-2.88013282461938,-0.0759902031496901,
-17.4678932986112));
#2666=CARTESIAN_POINT('Ctrl Pts',(-2.88013282461938,-0.0759902031496901,
27.4278932986112));
#2667=CARTESIAN_POINT('Ctrl Pts',(-1.54703865607448,0.00707903985126823,
-17.4678932986112));
#2668=CARTESIAN_POINT('Ctrl Pts',(-1.54703865607448,0.00707903985126823,
27.4278932986112));
#2669=CARTESIAN_POINT('Ctrl Pts',(0.,0.,-17.4678932986112));
#2670=CARTESIAN_POINT('Ctrl Pts',(0.,0.,27.4278932986112));
#2671=CARTESIAN_POINT('',(-55.8012458836159,-3.81722336063871,-1.39046336276121E-14));
#2672=CARTESIAN_POINT('',(-55.8012458836159,-3.81722336063871,-1.39046336276121E-14));
#2673=CARTESIAN_POINT('',(-13.0228745647752,-17.27792898252,-8.66579407677661E-15));
#2674=CARTESIAN_POINT('Ctrl Pts',(-55.8012458836159,-3.81722336063872,-1.39046336276121E-14));
#2675=CARTESIAN_POINT('Ctrl Pts',(-55.6269323636209,-4.05307540401666,-1.38832863781811E-14));
#2676=CARTESIAN_POINT('Ctrl Pts',(-55.4391435563537,-4.30227342844701,-1.38602888820076E-14));
#2677=CARTESIAN_POINT('Ctrl Pts',(-52.6291989061399,-7.91846601841771,-1.3516169909841E-14));
#2678=CARTESIAN_POINT('Ctrl Pts',(-33.3415979672397,-26.7682084872429,-1.11541200345355E-14));
#2679=CARTESIAN_POINT('Ctrl Pts',(-18.1030316562153,-21.6450136444614,-9.2879338888964E-15));
#2680=CARTESIAN_POINT('Ctrl Pts',(-15.2996526596396,-19.6213961883945,-8.94461897740106E-15));
#2681=CARTESIAN_POINT('Ctrl Pts',(-13.0228745647752,-17.27792898252,-8.66579407677661E-15));
#2682=CARTESIAN_POINT('',(-13.0228745647752,-17.27792898252,4.19999999999999));
#2683=CARTESIAN_POINT('',(-13.0228745647752,-17.27792898252,-8.66579407677661E-15));
#2684=CARTESIAN_POINT('Ctrl Pts',(-13.0228745647729,-17.2779289825176,4.20000000000885));
#2685=CARTESIAN_POINT('Ctrl Pts',(-12.7315252396258,-16.978045743797,5.29897365645655));
#2686=CARTESIAN_POINT('Ctrl Pts',(-12.2994240958769,-16.52035904034,6.30471003849664));
#2687=CARTESIAN_POINT('Ctrl Pts',(-11.7582457675663,-15.8840646432243,7.19144737048964));
#2688=CARTESIAN_POINT('Ctrl Pts',(-11.7392699614068,-15.8616870074533,7.22215180919797));
#2689=CARTESIAN_POINT('Ctrl Pts',(-11.7201965406942,-15.8391254176835,7.25263157894736));
#2690=CARTESIAN_POINT('Ctrl Pts',(10.821602749647,6.84034803483125,-5.74568779473172E-15));
#2691=CARTESIAN_POINT('Ctrl Pts',(10.821602749647,6.84034803483125,4.79999999999999));
#2692=CARTESIAN_POINT('Ctrl Pts',(11.2620599055161,9.26273767279313,-5.69174735012206E-15));
#2693=CARTESIAN_POINT('Ctrl Pts',(11.2620599055161,9.26273767279313,4.79999999999999));
#2694=CARTESIAN_POINT('Ctrl Pts',(12.0498974332855,11.2555766030115,-5.59526507945897E-15));
#2695=CARTESIAN_POINT('Ctrl Pts',(12.0498974332855,11.2555766030115,4.79999999999999));
#2696=CARTESIAN_POINT('Ctrl Pts',(13.2346724155162,12.4276801950579,-5.4501719904891E-15));
#2697=CARTESIAN_POINT('Ctrl Pts',(13.2346724155162,12.4276801950579,4.79999999999999));
#2698=CARTESIAN_POINT('Ctrl Pts',(18.1848659431154,17.3249304763726,-4.84394812461567E-15));
#2699=CARTESIAN_POINT('Ctrl Pts',(18.1848659431154,17.3249304763726,4.79999999999999));
#2700=CARTESIAN_POINT('Ctrl Pts',(42.3080944189609,17.5331232975184,-1.88970467081122E-15));
#2701=CARTESIAN_POINT('Ctrl Pts',(42.3080944189609,17.5331232975184,4.8));
#2702=CARTESIAN_POINT('Ctrl Pts',(48.3043845390371,13.1291658199468,-1.1553709205802E-15));
#2703=CARTESIAN_POINT('Ctrl Pts',(48.3043845390371,13.1291658199468,4.8));
#2704=CARTESIAN_POINT('',(10.821602749647,6.84034803483124,-5.74568779473172E-15));
#2705=CARTESIAN_POINT('Ctrl Pts',(48.3043845390371,13.1291658199468,-1.1553709205802E-15));
#2706=CARTESIAN_POINT('Ctrl Pts',(42.3080944189609,17.5331232975184,-1.88970467081122E-15));
#2707=CARTESIAN_POINT('Ctrl Pts',(18.1848659431154,17.3249304763726,-4.84394812461567E-15));
#2708=CARTESIAN_POINT('Ctrl Pts',(13.2346724155162,12.4276801950579,-5.4501719904891E-15));
#2709=CARTESIAN_POINT('Ctrl Pts',(12.0498974332855,11.2555766030115,-5.59526507945897E-15));
#2710=CARTESIAN_POINT('Ctrl Pts',(11.2620599055161,9.26273767279313,-5.69174735012206E-15));
#2711=CARTESIAN_POINT('Ctrl Pts',(10.821602749647,6.84034803483125,-5.74568779473172E-15));
#2712=CARTESIAN_POINT('Ctrl Pts',(12.9214128820104,12.0880278473458,4.79999999999999));
#2713=CARTESIAN_POINT('Ctrl Pts',(13.0225782856807,12.207829873062,4.79999999999999));
#2714=CARTESIAN_POINT('Ctrl Pts',(13.1269857261492,12.3211452349889,4.79999999999999));
#2715=CARTESIAN_POINT('Ctrl Pts',(13.2346724155162,12.4276801950579,4.79999999999999));
#2716=CARTESIAN_POINT('Ctrl Pts',(16.7797945401331,15.9348865750265,4.79999999999999));
#2717=CARTESIAN_POINT('Ctrl Pts',(30.158434485572,17.0371565314244,4.8));
#2718=CARTESIAN_POINT('Ctrl Pts',(39.6701183765484,15.7627384639947,4.8));
#2719=CARTESIAN_POINT('',(10.821602749647,6.84034803483125,4.79999999999999));
#2720=CARTESIAN_POINT('Ctrl Pts',(10.821602749647,6.84034803483125,4.79999999999999));
#2721=CARTESIAN_POINT('Ctrl Pts',(11.2220258284678,9.04256158502839,4.79999999999999));
#2722=CARTESIAN_POINT('Ctrl Pts',(11.9095508535966,10.8897612823801,4.79999999999999));
#2723=CARTESIAN_POINT('Ctrl Pts',(12.9214128820104,12.0880278473458,4.79999999999999));
#2724=CARTESIAN_POINT('',(10.821602749647,6.84034803483124,-5.74568779473172E-15));
#2725=CARTESIAN_POINT('Origin',(30.5014251884744,-0.61532484316428,4.8));
#2726=CARTESIAN_POINT('Origin',(55.7387040618955,6.02970976435399,4.5));
#2727=CARTESIAN_POINT('',(57.7387040618955,10.9444965855045,4.5));
#2728=CARTESIAN_POINT('',(57.7387040618955,1.44449658550452,4.5));
#2729=CARTESIAN_POINT('',(57.7387040618955,8.48710317492925,4.5));
#2730=CARTESIAN_POINT('',(55.7387040618955,12.781063244326,4.5));
#2731=CARTESIAN_POINT('Ctrl Pts',(55.7387040618955,12.781063244326,4.5));
#2732=CARTESIAN_POINT('Ctrl Pts',(56.9630123846815,12.804041713461,4.5));
#2733=CARTESIAN_POINT('Ctrl Pts',(57.7158707285622,12.1220081121506,4.5));
#2734=CARTESIAN_POINT('Ctrl Pts',(57.7387040618955,10.9444965855045,4.5));
#2735=CARTESIAN_POINT('',(53.7387040618955,10.9444965855045,4.5));
#2736=CARTESIAN_POINT('Ctrl Pts',(53.7387040618955,10.9444965855045,4.5));
#2737=CARTESIAN_POINT('Ctrl Pts',(53.7615373952289,12.1220081121506,4.5));
#2738=CARTESIAN_POINT('Ctrl Pts',(54.5143957391096,12.804041713461,4.5));
#2739=CARTESIAN_POINT('Ctrl Pts',(55.7387040618955,12.781063244326,4.5));
#2740=CARTESIAN_POINT('',(53.7387040618955,1.44449658550452,4.5));
#2741=CARTESIAN_POINT('',(53.7387040618955,3.73710317492925,4.5));
#2742=CARTESIAN_POINT('',(55.7387040618955,-0.744622184753039,4.5));
#2743=CARTESIAN_POINT('Ctrl Pts',(55.7387040618955,-0.744622184753039,4.5));
#2744=CARTESIAN_POINT('Ctrl Pts',(54.1748132043033,-0.709701146214323,4.5));
#2745=CARTESIAN_POINT('Ctrl Pts',(53.6975198878457,0.125515521652117,4.5));
#2746=CARTESIAN_POINT('Ctrl Pts',(53.7387040618955,1.44449658550452,4.5));
#2747=CARTESIAN_POINT('Ctrl Pts',(57.7387040618955,1.44449658550452,4.5));
#2748=CARTESIAN_POINT('Ctrl Pts',(57.7798882359454,0.125515521652117,4.5));
#2749=CARTESIAN_POINT('Ctrl Pts',(57.3025949194878,-0.709701146214323,4.5));
#2750=CARTESIAN_POINT('Ctrl Pts',(55.7387040618955,-0.744622184753039,4.5));
#2751=CARTESIAN_POINT('Origin',(53.7387040618955,1.44449658550452,-4.89858719658942E-16));
#2752=CARTESIAN_POINT('',(53.7387040618955,10.9444965855045,5.5));
#2753=CARTESIAN_POINT('',(53.7387040618955,10.9444965855045,-4.89858719658942E-16));
#2754=CARTESIAN_POINT('',(53.7387040618955,1.44449658550452,5.5));
#2755=CARTESIAN_POINT('',(53.7387040618955,6.19449658550452,5.5));
#2756=CARTESIAN_POINT('',(53.7387040618955,1.44449658550452,-4.89858719658942E-16));
#2757=CARTESIAN_POINT('Ctrl Pts',(53.7387040618955,10.9444965855045,-4.89858719658942E-16));
#2758=CARTESIAN_POINT('Ctrl Pts',(53.7387040618955,10.9444965855045,5.5));
#2759=CARTESIAN_POINT('Ctrl Pts',(53.7615373952289,12.1220081121506,-4.87062442800886E-16));
#2760=CARTESIAN_POINT('Ctrl Pts',(53.7615373952289,12.1220081121506,5.5));
#2761=CARTESIAN_POINT('Ctrl Pts',(54.5143957391096,12.804041713461,-3.94863886696401E-16));
#2762=CARTESIAN_POINT('Ctrl Pts',(54.5143957391096,12.804041713461,5.5));
#2763=CARTESIAN_POINT('Ctrl Pts',(55.7387040618955,12.781063244326,-2.44929359829471E-16));
#2764=CARTESIAN_POINT('Ctrl Pts',(55.7387040618955,12.781063244326,5.5));
#2765=CARTESIAN_POINT('',(55.7387040618955,12.781063244326,5.5));
#2766=CARTESIAN_POINT('',(55.7387040618955,12.781063244326,-2.44929359829471E-16));
#2767=CARTESIAN_POINT('Ctrl Pts',(53.7387040618955,10.9444965855045,5.5));
#2768=CARTESIAN_POINT('Ctrl Pts',(53.7615373952289,12.1220081121506,5.5));
#2769=CARTESIAN_POINT('Ctrl Pts',(54.5143957391096,12.804041713461,5.5));
#2770=CARTESIAN_POINT('Ctrl Pts',(55.7387040618955,12.781063244326,5.5));
#2771=CARTESIAN_POINT('Ctrl Pts',(55.7387040618955,12.781063244326,-2.44929359829471E-16));
#2772=CARTESIAN_POINT('Ctrl Pts',(55.7387040618955,12.781063244326,5.5));
#2773=CARTESIAN_POINT('Ctrl Pts',(56.9630123846815,12.804041713461,-9.49948329625396E-17));
#2774=CARTESIAN_POINT('Ctrl Pts',(56.9630123846815,12.804041713461,5.5));
#2775=CARTESIAN_POINT('Ctrl Pts',(57.7158707285622,12.1220081121506,-2.79627685805088E-18));
#2776=CARTESIAN_POINT('Ctrl Pts',(57.7158707285622,12.1220081121506,5.5));
#2777=CARTESIAN_POINT('Ctrl Pts',(57.7387040618955,10.9444965855045,0.));
#2778=CARTESIAN_POINT('Ctrl Pts',(57.7387040618955,10.9444965855045,5.5));
#2779=CARTESIAN_POINT('',(57.7387040618955,10.9444965855045,5.5));
#2780=CARTESIAN_POINT('',(57.7387040618955,10.9444965855045,0.));
#2781=CARTESIAN_POINT('Ctrl Pts',(55.7387040618955,12.781063244326,5.5));
#2782=CARTESIAN_POINT('Ctrl Pts',(56.9630123846815,12.804041713461,5.5));
#2783=CARTESIAN_POINT('Ctrl Pts',(57.7158707285622,12.1220081121506,5.5));
#2784=CARTESIAN_POINT('Ctrl Pts',(57.7387040618955,10.9444965855045,5.5));
#2785=CARTESIAN_POINT('Ctrl Pts',(55.7387040618955,-0.744622184753039,-2.44929359829471E-16));
#2786=CARTESIAN_POINT('Ctrl Pts',(55.7387040618955,-0.744622184753039,5.5));
#2787=CARTESIAN_POINT('Ctrl Pts',(54.1748132043033,-0.709701146214323,-4.36450753126088E-16));
#2788=CARTESIAN_POINT('Ctrl Pts',(54.1748132043033,-0.709701146214323,5.5));
#2789=CARTESIAN_POINT('Ctrl Pts',(53.6975198878457,0.125515521652117,-4.94902326351506E-16));
#2790=CARTESIAN_POINT('Ctrl Pts',(53.6975198878457,0.125515521652117,5.5));
#2791=CARTESIAN_POINT('Ctrl Pts',(53.7387040618955,1.44449658550452,-4.89858719658942E-16));
#2792=CARTESIAN_POINT('Ctrl Pts',(53.7387040618955,1.44449658550452,5.5));
#2793=CARTESIAN_POINT('',(55.7387040618955,-0.744622184753039,5.5));
#2794=CARTESIAN_POINT('Ctrl Pts',(55.7387040618955,-0.744622184753039,5.5));
#2795=CARTESIAN_POINT('Ctrl Pts',(54.1748132043033,-0.709701146214323,5.5));
#2796=CARTESIAN_POINT('Ctrl Pts',(53.6975198878457,0.125515521652117,5.5));
#2797=CARTESIAN_POINT('Ctrl Pts',(53.7387040618955,1.44449658550452,5.5));
#2798=CARTESIAN_POINT('',(55.7387040618955,-0.744622184753039,-2.44929359829471E-16));
#2799=CARTESIAN_POINT('Ctrl Pts',(57.7387040618955,1.44449658550452,0.));
#2800=CARTESIAN_POINT('Ctrl Pts',(57.7387040618955,1.44449658550452,5.5));
#2801=CARTESIAN_POINT('Ctrl Pts',(57.7798882359454,0.125515521652117,5.04360669256489E-18));
#2802=CARTESIAN_POINT('Ctrl Pts',(57.7798882359454,0.125515521652117,5.5));
#2803=CARTESIAN_POINT('Ctrl Pts',(57.3025949194878,-0.709701146214323,-5.34079665328498E-17));
#2804=CARTESIAN_POINT('Ctrl Pts',(57.3025949194878,-0.709701146214323,5.5));
#2805=CARTESIAN_POINT('Ctrl Pts',(55.7387040618955,-0.744622184753039,-2.44929359829471E-16));
#2806=CARTESIAN_POINT('Ctrl Pts',(55.7387040618955,-0.744622184753039,5.5));
#2807=CARTESIAN_POINT('',(57.7387040618955,1.44449658550452,5.5));
#2808=CARTESIAN_POINT('Ctrl Pts',(57.7387040618955,1.44449658550452,5.5));
#2809=CARTESIAN_POINT('Ctrl Pts',(57.7798882359454,0.125515521652117,5.5));
#2810=CARTESIAN_POINT('Ctrl Pts',(57.3025949194878,-0.709701146214323,5.5));
#2811=CARTESIAN_POINT('Ctrl Pts',(55.7387040618955,-0.744622184753039,5.5));
#2812=CARTESIAN_POINT('',(57.7387040618955,1.44449658550452,0.));
#2813=CARTESIAN_POINT('Origin',(57.7387040618955,10.9444965855045,0.));
#2814=CARTESIAN_POINT('',(57.7387040618955,6.19449658550452,5.5));
#2815=CARTESIAN_POINT('Ctrl Pts',(61.5087040618955,13.3655360048741,4.61691843278552E-16));
#2816=CARTESIAN_POINT('Ctrl Pts',(61.5087040618955,13.3655360048741,5.5));
#2817=CARTESIAN_POINT('Ctrl Pts',(59.9996691065446,13.5320235914214,2.76888360491349E-16));
#2818=CARTESIAN_POINT('Ctrl Pts',(59.9996691065446,13.5320235914214,5.5));
#2819=CARTESIAN_POINT('Ctrl Pts',(56.0465048570773,14.1547004417309,-2.07234633970038E-16));
#2820=CARTESIAN_POINT('Ctrl Pts',(56.0465048570773,14.1547004417309,5.5));
#2821=CARTESIAN_POINT('Ctrl Pts',(53.5786773810306,15.530974928294,-5.0945633590888E-16));
#2822=CARTESIAN_POINT('Ctrl Pts',(53.5786773810306,15.530974928294,5.5));
#2823=CARTESIAN_POINT('Ctrl Pts',(52.9987573966903,16.3180930473703,-5.80476051167281E-16));
#2824=CARTESIAN_POINT('Ctrl Pts',(52.9987573966903,16.3180930473703,5.5));
#2825=CARTESIAN_POINT('Ctrl Pts',(51.9233227667286,17.1250767796895,-7.12178808894763E-16));
#2826=CARTESIAN_POINT('Ctrl Pts',(51.9233227667286,17.1250767796895,5.5));
#2827=CARTESIAN_POINT('',(61.5087040618955,13.3655360048741,5.5));
#2828=CARTESIAN_POINT('Ctrl Pts',(61.5087040618955,13.3655360048741,5.5));
#2829=CARTESIAN_POINT('Ctrl Pts',(59.9996691065446,13.5320235914214,5.5));
#2830=CARTESIAN_POINT('Ctrl Pts',(56.0465048570773,14.1547004417309,5.5));
#2831=CARTESIAN_POINT('Ctrl Pts',(54.1298832367301,15.2235747702981,5.5));
#2832=CARTESIAN_POINT('Ctrl Pts',(53.9260315532293,15.3748208664939,5.5));
#2833=CARTESIAN_POINT('Ctrl Pts',(53.7217998324645,15.5472368613212,5.5));
#2834=CARTESIAN_POINT('',(61.5087040618955,13.3655360048741,4.61691843278552E-16));
#2835=CARTESIAN_POINT('',(61.5087040618955,13.3655360048741,4.61691843278552E-16));
#2836=CARTESIAN_POINT('Ctrl Pts',(61.5087040618955,13.3655360048741,4.61691843278552E-16));
#2837=CARTESIAN_POINT('Ctrl Pts',(59.9996691065446,13.5320235914214,2.76888360491349E-16));
#2838=CARTESIAN_POINT('Ctrl Pts',(56.0465048570773,14.1547004417309,-2.07234633970038E-16));
#2839=CARTESIAN_POINT('Ctrl Pts',(53.5786773810306,15.530974928294,-5.0945633590888E-16));
#2840=CARTESIAN_POINT('Ctrl Pts',(52.9987573966903,16.3180930473703,-5.8047605116728E-16));
#2841=CARTESIAN_POINT('Ctrl Pts',(51.9233227667286,17.1250767796895,-7.12178808894764E-16));
#2842=CARTESIAN_POINT('Origin',(61.5087040618955,-0.134463995125925,4.61691843278552E-16));
#2843=CARTESIAN_POINT('',(61.5087040618955,-0.134463995125925,4.61691843278552E-16));
#2844=CARTESIAN_POINT('',(61.5087040618955,-0.134463995125925,4.61691843278552E-16));
#2845=CARTESIAN_POINT('',(61.5087040618955,-0.134463995125924,5.5));
#2846=CARTESIAN_POINT('',(61.5087040618955,-0.134463995125925,5.5));
#2847=CARTESIAN_POINT('',(61.5087040618955,-0.134463995125925,4.61691843278552E-16));
#2848=CARTESIAN_POINT('Ctrl Pts',(56.8256109494853,-3.56081663463334,-1.1182165574367E-16));
#2849=CARTESIAN_POINT('Ctrl Pts',(56.8256109494853,-3.56081663463334,5.5));
#2850=CARTESIAN_POINT('Ctrl Pts',(58.5029608949562,-1.34792040648901,9.35944684334238E-17));
#2851=CARTESIAN_POINT('Ctrl Pts',(58.5029608949562,-1.34792040648901,5.5));
#2852=CARTESIAN_POINT('Ctrl Pts',(60.4500465634902,-0.285700780612402,3.3204369159701E-16));
#2853=CARTESIAN_POINT('Ctrl Pts',(60.4500465634902,-0.285700780612402,5.5));
#2854=CARTESIAN_POINT('Ctrl Pts',(61.5087040618955,-0.134463995125925,4.61691843278552E-16));
#2855=CARTESIAN_POINT('Ctrl Pts',(61.5087040618955,-0.134463995125925,5.5));
#2856=CARTESIAN_POINT('Ctrl Pts',(56.8256109494848,-3.56081663463403,-1.11821655743734E-16));
#2857=CARTESIAN_POINT('Ctrl Pts',(58.5029608949558,-1.34792040648923,9.3594468433374E-17));
#2858=CARTESIAN_POINT('Ctrl Pts',(60.4500465634901,-0.285700780612418,3.32043691596996E-16));
#2859=CARTESIAN_POINT('Ctrl Pts',(61.5087040618955,-0.134463995125925,4.61691843278552E-16));
#2860=CARTESIAN_POINT('Ctrl Pts',(58.6560671302172,-1.63344291447619,5.5));
#2861=CARTESIAN_POINT('Ctrl Pts',(59.7695835956784,-0.710292312773749,5.5));
#2862=CARTESIAN_POINT('Ctrl Pts',(60.8246233759408,-0.232189807405175,5.5));
#2863=CARTESIAN_POINT('Ctrl Pts',(61.5087040618955,-0.134463995125925,5.5));
#2864=CARTESIAN_POINT('Origin',(34.8565624849441,-2.02023436470012,5.5));
#2865=CARTESIAN_POINT('Ctrl Pts',(-47.8259600510029,12.6009054478999,-1.29279428008927E-14));
#2866=CARTESIAN_POINT('Ctrl Pts',(-47.8259600510029,12.6009054478999,4.79999999999999));
#2867=CARTESIAN_POINT('Ctrl Pts',(-44.8083946070443,14.7666174291825,-1.25583976146765E-14));
#2868=CARTESIAN_POINT('Ctrl Pts',(-44.8083946070443,14.7666174291825,4.79999999999999));
#2869=CARTESIAN_POINT('Ctrl Pts',(-39.8174425793268,16.1174106182107,-1.19471822721323E-14));
#2870=CARTESIAN_POINT('Ctrl Pts',(-39.8174425793268,16.1174106182107,4.79999999999999));
#2871=CARTESIAN_POINT('Ctrl Pts',(-32.2796888183321,16.1398444091661,-1.1024073670516E-14));
#2872=CARTESIAN_POINT('Ctrl Pts',(-32.2796888183321,16.1398444091661,4.79999999999999));
#2873=CARTESIAN_POINT('Ctrl Pts',(-20.6638476208101,16.1744153651111,-9.60154339632104E-15));
#2874=CARTESIAN_POINT('Ctrl Pts',(-20.6638476208101,16.1744153651111,4.79999999999999));
#2875=CARTESIAN_POINT('Ctrl Pts',(-14.2629581096663,12.0659043636139,-8.81766051116922E-15));
#2876=CARTESIAN_POINT('Ctrl Pts',(-14.2629581096663,12.0659043636139,4.79999999999999));
#2877=CARTESIAN_POINT('Ctrl Pts',(-11.513901050442,6.62471413786232,-8.48099811834399E-15));
#2878=CARTESIAN_POINT('Ctrl Pts',(-11.513901050442,6.62471413786232,4.79999999999999));
#2879=CARTESIAN_POINT('Ctrl Pts',(-47.8259600510894,12.6009054478379,-1.29279428009032E-14));
#2880=CARTESIAN_POINT('Ctrl Pts',(-44.8083946071396,14.7666174291567,-1.25583976146882E-14));
#2881=CARTESIAN_POINT('Ctrl Pts',(-39.8174425793988,16.1174106182105,-1.19471822721411E-14));
#2882=CARTESIAN_POINT('Ctrl Pts',(-32.2796888183321,16.1398444091661,-1.1024073670516E-14));
#2883=CARTESIAN_POINT('Ctrl Pts',(-20.6638476208101,16.1744153651111,-9.60154339632104E-15));
#2884=CARTESIAN_POINT('Ctrl Pts',(-14.2629581096663,12.0659043636139,-8.81766051116922E-15));
#2885=CARTESIAN_POINT('Ctrl Pts',(-11.513901050442,6.62471413786232,-8.48099811834398E-15));
#2886=CARTESIAN_POINT('Ctrl Pts',(-39.5327504011519,15.6110613244943,4.79999999999999));
#2887=CARTESIAN_POINT('Ctrl Pts',(-37.4347085592413,15.9471292411098,4.79999999999999));
#2888=CARTESIAN_POINT('Ctrl Pts',(-35.0262683167235,16.1316700654208,4.79999999999999));
#2889=CARTESIAN_POINT('Ctrl Pts',(-32.2796888183321,16.1398444091661,4.79999999999999));
#2890=CARTESIAN_POINT('Ctrl Pts',(-24.3758759417518,16.1633676617749,4.79999999999999));
#2891=CARTESIAN_POINT('Ctrl Pts',(-18.8865355280888,14.2686838245687,4.79999999999999));
#2892=CARTESIAN_POINT('Ctrl Pts',(-15.3192312788161,11.3411663794883,4.79999999999999));
#2893=CARTESIAN_POINT('Origin',(-32.4941402411478,-0.983581397292586,4.79999999999999));
#2894=CARTESIAN_POINT('Ctrl Pts',(49.3233980349536,-14.4574693151899,-13.672862624865));
#2895=CARTESIAN_POINT('Ctrl Pts',(49.3233980349536,-14.4574693151899,24.5149678880239));
#2896=CARTESIAN_POINT('Ctrl Pts',(48.8121349032017,-15.4924088925278,-13.672862624865));
#2897=CARTESIAN_POINT('Ctrl Pts',(48.8121349032017,-15.4924088925278,24.5149678880239));
#2898=CARTESIAN_POINT('Ctrl Pts',(48.2384972773263,-16.2954038482228,-13.672862624865));
#2899=CARTESIAN_POINT('Ctrl Pts',(48.2384972773263,-16.2954038482228,24.5149678880239));
#2900=CARTESIAN_POINT('Ctrl Pts',(47.6125410070399,-16.7854381855327,-13.672862624865));
#2901=CARTESIAN_POINT('Ctrl Pts',(47.6125410070399,-16.7854381855327,24.5149678880239));
#2902=CARTESIAN_POINT('Ctrl Pts',(42.9050863876998,-20.470702658959,-13.672862624865));
#2903=CARTESIAN_POINT('Ctrl Pts',(42.9050863876998,-20.470702658959,24.5149678880239));
#2904=CARTESIAN_POINT('Ctrl Pts',(21.3045946200992,-21.5735920269186,-13.672862624865));
#2905=CARTESIAN_POINT('Ctrl Pts',(21.3045946200992,-21.5735920269186,24.5149678880239));
#2906=CARTESIAN_POINT('Ctrl Pts',(15.8170475209828,-16.9468366296244,-13.672862624865));
#2907=CARTESIAN_POINT('Ctrl Pts',(15.8170475209828,-16.9468366296244,24.5149678880239));
#2908=CARTESIAN_POINT('Ctrl Pts',(10.3295004218663,-12.3200812323301,-13.672862624865));
#2909=CARTESIAN_POINT('Ctrl Pts',(10.3295004218663,-12.3200812323301,24.5149678880239));
#2910=CARTESIAN_POINT('Ctrl Pts',(8.20442090799276,7.45122816889834,-13.672862624865));
#2911=CARTESIAN_POINT('Ctrl Pts',(8.20442090799276,7.45122816889834,24.5149678880239));
#2912=CARTESIAN_POINT('Ctrl Pts',(13.2346724155162,12.4276801950579,-13.672862624865));
#2913=CARTESIAN_POINT('Ctrl Pts',(13.2346724155162,12.4276801950579,24.5149678880239));
#2914=CARTESIAN_POINT('Ctrl Pts',(18.2649239230396,17.4041322212174,-13.672862624865));
#2915=CARTESIAN_POINT('Ctrl Pts',(18.2649239230396,17.4041322212174,24.5149678880239));
#2916=CARTESIAN_POINT('Ctrl Pts',(43.0933845724734,17.5386309246271,-13.672862624865));
#2917=CARTESIAN_POINT('Ctrl Pts',(43.0933845724734,17.5386309246271,24.5149678880239));
#2918=CARTESIAN_POINT('Ctrl Pts',(48.5809316715899,12.9118755273329,-13.672862624865));
#2919=CARTESIAN_POINT('Ctrl Pts',(48.5809316715899,12.9118755273329,24.5149678880239));
#2920=CARTESIAN_POINT('Ctrl Pts',(53.3387926042011,8.90034572140575,-13.672862624865));
#2921=CARTESIAN_POINT('Ctrl Pts',(53.3387926042011,8.90034572140575,24.5149678880239));
#2922=CARTESIAN_POINT('Ctrl Pts',(52.6570488460918,-7.70922766191491,-13.672862624865));
#2923=CARTESIAN_POINT('Ctrl Pts',(52.6570488460918,-7.70922766191491,24.5149678880239));
#2924=CARTESIAN_POINT('Ctrl Pts',(49.3233980349536,-14.4574693151899,-13.672862624865));
#2925=CARTESIAN_POINT('Ctrl Pts',(49.3233980349536,-14.4574693151899,24.5149678880239));
#2926=CARTESIAN_POINT('',(10.4538688837842,-0.711910932776159,-5.79072220490843E-15));
#2927=CARTESIAN_POINT('Ctrl Pts',(10.4538688837842,-0.711910932776159,-5.79072220490843E-15));
#2928=CARTESIAN_POINT('Ctrl Pts',(10.778258125694,-6.47108638746647,-5.75099598023015E-15));
#2929=CARTESIAN_POINT('Ctrl Pts',(12.3051674445846,-12.4937523375497,-5.56400351923339E-15));
#2930=CARTESIAN_POINT('Ctrl Pts',(14.6395155065307,-15.6612880407645,-5.27812833101757E-15));
#2931=CARTESIAN_POINT('',(10.4538688837842,-0.711910932776159,5.29999999999999));
#2932=CARTESIAN_POINT('',(10.4538688837842,-0.711910932776159,-5.79072220490843E-15));
#2933=CARTESIAN_POINT('Ctrl Pts',(10.4538688837794,-0.711910932690994,5.29999999999999));
#2934=CARTESIAN_POINT('Ctrl Pts',(10.4027723172822,0.195252602903918,5.29999999999999));
#2935=CARTESIAN_POINT('Ctrl Pts',(10.3815119079849,1.09587858125372,5.29999999999999));
#2936=CARTESIAN_POINT('Ctrl Pts',(10.3916317093638,1.97777883555655,5.29999999999999));
#2937=CARTESIAN_POINT('Ctrl Pts',(-61.5087040618956,-0.134463995125925,
-3.21677735845992));
#2938=CARTESIAN_POINT('Ctrl Pts',(-61.5087040618956,-0.134463995125925,
15.3207773584582));
#2939=CARTESIAN_POINT('Ctrl Pts',(-57.7414170197644,-0.116721930196702,
-3.21677735845992));
#2940=CARTESIAN_POINT('Ctrl Pts',(-57.7414170197644,-0.116721930196702,
15.3207773584582));
#2941=CARTESIAN_POINT('Ctrl Pts',(-57.8402121285402,-1.21227435031854,-3.21677735845992));
#2942=CARTESIAN_POINT('Ctrl Pts',(-57.8402121285402,-1.21227435031854,15.3207773584582));
#2943=CARTESIAN_POINT('Ctrl Pts',(-52.6291989061399,-7.91846601841771,-3.21677735845991));
#2944=CARTESIAN_POINT('Ctrl Pts',(-52.6291989061399,-7.91846601841771,15.3207773584582));
#2945=CARTESIAN_POINT('Ctrl Pts',(-33.3415979672397,-26.7682084872429,-3.21677735845991));
#2946=CARTESIAN_POINT('Ctrl Pts',(-33.3415979672397,-26.7682084872429,15.3207773584582));
#2947=CARTESIAN_POINT('Ctrl Pts',(-9.74649961232567,-18.8355536862879,-3.21677735845991));
#2948=CARTESIAN_POINT('Ctrl Pts',(-9.74649961232567,-18.8355536862879,15.3207773584582));
#2949=CARTESIAN_POINT('Ctrl Pts',(-5.44416736249943,-4.6808780702692,-3.21677735845991));
#2950=CARTESIAN_POINT('Ctrl Pts',(-5.44416736249943,-4.6808780702692,15.3207773584582));
#2951=CARTESIAN_POINT('Ctrl Pts',(-2.88013282461938,-0.0759902031496901,
-3.21677735845991));
#2952=CARTESIAN_POINT('Ctrl Pts',(-2.88013282461938,-0.0759902031496901,
15.3207773584582));
#2953=CARTESIAN_POINT('Ctrl Pts',(-1.54703865607448,0.00707903985126823,
-3.21677735845991));
#2954=CARTESIAN_POINT('Ctrl Pts',(-1.54703865607448,0.00707903985126823,
15.3207773584582));
#2955=CARTESIAN_POINT('Ctrl Pts',(0.,0.,-3.21677735845991));
#2956=CARTESIAN_POINT('Ctrl Pts',(0.,0.,15.3207773584582));
#2957=CARTESIAN_POINT('',(-4.1270110997421,-2.31590304704034,-7.57636500496614E-15));
#2958=CARTESIAN_POINT('Ctrl Pts',(-13.0228745647752,-17.27792898252,-8.66579407677661E-15));
#2959=CARTESIAN_POINT('Ctrl Pts',(-7.49370444790449,-11.5868039344465,-7.98866602821992E-15));
#2960=CARTESIAN_POINT('Ctrl Pts',(-5.07023856410278,-4.00931918076729,-7.69187705447586E-15));
#2961=CARTESIAN_POINT('Ctrl Pts',(-4.15044139741217,-2.35740585802145,-7.57923438887061E-15));
#2962=CARTESIAN_POINT('Ctrl Pts',(-4.13872844083086,-2.33656270215039,-7.57779996539203E-15));
#2963=CARTESIAN_POINT('Ctrl Pts',(-4.12701109974211,-2.31590304704035,-7.57636500496614E-15));
#2964=CARTESIAN_POINT('',(-4.1270110997421,-2.31590304704034,5.29999999999999));
#2965=CARTESIAN_POINT('',(-4.1270110997421,-2.31590304704034,-7.57636500496614E-15));
#2966=CARTESIAN_POINT('Ctrl Pts',(-4.12701109974209,-2.31590304704033,5.29999999999999));
#2967=CARTESIAN_POINT('Ctrl Pts',(-3.39011472258582,-1.01663003889211,5.29999999999999));
#2968=CARTESIAN_POINT('Ctrl Pts',(-2.635877290617,-0.443116260870399,5.29999999999999));
#2969=CARTESIAN_POINT('Ctrl Pts',(-1.83343775418069,-0.191904139051904,
5.29999999999999));
#2970=CARTESIAN_POINT('Ctrl Pts',(0.,0.,-7.07095191163167E-15));
#2971=CARTESIAN_POINT('Ctrl Pts',(0.,0.,5.29999999999999));
#2972=CARTESIAN_POINT('Ctrl Pts',(1.53410272466411,0.00701984677706306,
-6.88307851249935E-15));
#2973=CARTESIAN_POINT('Ctrl Pts',(1.53410272466411,0.00701984677706306,
5.29999999999999));
#2974=CARTESIAN_POINT('Ctrl Pts',(3.0217098295975,-0.027166635479724,-6.7008991845548E-15));
#2975=CARTESIAN_POINT('Ctrl Pts',(3.0217098295975,-0.027166635479724,5.29999999999999));
#2976=CARTESIAN_POINT('Ctrl Pts',(4.29660628185116,-2.27290708537888,-6.54476939860512E-15));
#2977=CARTESIAN_POINT('Ctrl Pts',(4.29660628185116,-2.27290708537888,5.29999999999999));
#2978=CARTESIAN_POINT('',(0.,0.,-7.07095191163167E-15));
#2979=CARTESIAN_POINT('Ctrl Pts',(0.,0.,-7.07095191163167E-15));
#2980=CARTESIAN_POINT('Ctrl Pts',(1.53410272466412,0.00701984677706307,
-6.88307851249935E-15));
#2981=CARTESIAN_POINT('Ctrl Pts',(3.0217098295975,-0.0271666354797241,-6.7008991845548E-15));
#2982=CARTESIAN_POINT('Ctrl Pts',(4.29660628185117,-2.27290708537889,-6.54476939860512E-15));
#2983=CARTESIAN_POINT('',(0.,0.,-7.07095191163167E-15));
#2984=CARTESIAN_POINT('Ctrl Pts',(-4.12701109974209,-2.31590304704033,-7.57636500496614E-15));
#2985=CARTESIAN_POINT('Ctrl Pts',(-4.12701109974209,-2.31590304704033,5.29999999999999));
#2986=CARTESIAN_POINT('Ctrl Pts',(-2.85576461352271,-0.0744803756165688,
-7.42068221093855E-15));
#2987=CARTESIAN_POINT('Ctrl Pts',(-2.85576461352271,-0.0744803756165688,
5.29999999999999));
#2988=CARTESIAN_POINT('Ctrl Pts',(-1.53290951289454,0.00701438680123464,
-7.25867918446655E-15));
#2989=CARTESIAN_POINT('Ctrl Pts',(-1.53290951289454,0.00701438680123464,
5.29999999999999));
#2990=CARTESIAN_POINT('Ctrl Pts',(0.,0.,-7.07095191163167E-15));
#2991=CARTESIAN_POINT('Ctrl Pts',(0.,0.,5.29999999999999));
#2992=CARTESIAN_POINT('Ctrl Pts',(-4.12701109974211,-2.31590304704035,-7.57636500496614E-15));
#2993=CARTESIAN_POINT('Ctrl Pts',(-2.85576461352272,-0.0744803756165696,
-7.42068221093855E-15));
#2994=CARTESIAN_POINT('Ctrl Pts',(-1.53290951289455,0.00701438680123466,
-7.25867918446655E-15));
#2995=CARTESIAN_POINT('Ctrl Pts',(0.,0.,-7.07095191163167E-15));
#2996=CARTESIAN_POINT('Ctrl Pts',(0.,7.90852376049137,-7.07095191163167E-15));
#2997=CARTESIAN_POINT('Ctrl Pts',(0.,7.90852376049137,5.29999999999999));
#2998=CARTESIAN_POINT('Ctrl Pts',(-2.40399270412015,7.86916572781118,-7.3653561086591E-15));
#2999=CARTESIAN_POINT('Ctrl Pts',(-2.40399270412015,7.86916572781118,5.29999999999999));
#3000=CARTESIAN_POINT('Ctrl Pts',(-4.41155747183872,5.37994813638869,-7.61121188534585E-15));
#3001=CARTESIAN_POINT('Ctrl Pts',(-4.41155747183872,5.37994813638869,5.29999999999999));
#3002=CARTESIAN_POINT('Ctrl Pts',(-6.54238485003113,7.32813316787889,-7.87216297816974E-15));
#3003=CARTESIAN_POINT('Ctrl Pts',(-6.54238485003113,7.32813316787889,5.29999999999999));
#3004=CARTESIAN_POINT('Ctrl Pts',(-6.7477647400472,7.65306806192665,-7.89731476066148E-15));
#3005=CARTESIAN_POINT('Ctrl Pts',(-6.7477647400472,7.65306806192665,5.29999999999999));
#3006=CARTESIAN_POINT('Ctrl Pts',(-6.93437160624243,8.05112494835071,-7.92016751079997E-15));
#3007=CARTESIAN_POINT('Ctrl Pts',(-6.93437160624243,8.05112494835071,5.29999999999999));
#3008=CARTESIAN_POINT('Ctrl Pts',(0.,7.90852376049137,-7.07095191163167E-15));
#3009=CARTESIAN_POINT('Ctrl Pts',(-2.40399270412015,7.86916572781118,-7.3653561086591E-15));
#3010=CARTESIAN_POINT('Ctrl Pts',(-4.41155747183872,5.37994813638869,-7.61121188534585E-15));
#3011=CARTESIAN_POINT('Ctrl Pts',(-6.54238485003113,7.32813316787889,-7.87216297816974E-15));
#3012=CARTESIAN_POINT('Ctrl Pts',(-6.7477647400472,7.65306806192665,-7.89731476066148E-15));
#3013=CARTESIAN_POINT('Ctrl Pts',(-6.93437160624243,8.05112494835071,-7.92016751079998E-15));
#3014=CARTESIAN_POINT('Ctrl Pts',(11.5277383981405,-8.12226392996686,-8.82331320350156));
#3015=CARTESIAN_POINT('Ctrl Pts',(11.5277383981405,-8.12226392996686,18.8233132035016));
#3016=CARTESIAN_POINT('Ctrl Pts',(9.71214270628219,-0.56027486846176,-8.82331320350156));
#3017=CARTESIAN_POINT('Ctrl Pts',(9.71214270628219,-0.56027486846176,18.8233132035016));
#3018=CARTESIAN_POINT('Ctrl Pts',(9.91907646206258,9.14754516089254,-8.82331320350156));
#3019=CARTESIAN_POINT('Ctrl Pts',(9.91907646206258,9.14754516089254,18.8233132035016));
#3020=CARTESIAN_POINT('Ctrl Pts',(13.2346724155162,12.4276801950579,-8.82331320350156));
#3021=CARTESIAN_POINT('Ctrl Pts',(13.2346724155162,12.4276801950579,18.8233132035016));
#3022=CARTESIAN_POINT('Ctrl Pts',(18.2649239230396,17.4041322212174,-8.82331320350156));
#3023=CARTESIAN_POINT('Ctrl Pts',(18.2649239230396,17.4041322212174,18.8233132035016));
#3024=CARTESIAN_POINT('Ctrl Pts',(43.0933845724734,17.5386309246271,-8.82331320350156));
#3025=CARTESIAN_POINT('Ctrl Pts',(43.0933845724734,17.5386309246271,18.8233132035016));
#3026=CARTESIAN_POINT('Ctrl Pts',(48.5809316715899,12.9118755273329,-8.82331320350156));
#3027=CARTESIAN_POINT('Ctrl Pts',(48.5809316715899,12.9118755273329,18.8233132035016));
#3028=CARTESIAN_POINT('Ctrl Pts',(54.0684787707064,8.28512013003858,-8.82331320350156));
#3029=CARTESIAN_POINT('Ctrl Pts',(54.0684787707064,8.28512013003858,18.8233132035016));
#3030=CARTESIAN_POINT('Ctrl Pts',(52.31999562638,-13.1001737121065,-8.82331320350156));
#3031=CARTESIAN_POINT('Ctrl Pts',(52.31999562638,-13.1001737121065,18.8233132035016));
#3032=CARTESIAN_POINT('Ctrl Pts',(47.6125410070399,-16.7854381855327,-8.82331320350156));
#3033=CARTESIAN_POINT('Ctrl Pts',(47.6125410070399,-16.7854381855327,18.8233132035016));
#3034=CARTESIAN_POINT('Ctrl Pts',(42.9050863876998,-20.470702658959,-8.82331320350156));
#3035=CARTESIAN_POINT('Ctrl Pts',(42.9050863876998,-20.470702658959,18.8233132035016));
#3036=CARTESIAN_POINT('Ctrl Pts',(21.3045946200992,-21.5735920269186,-8.82331320350156));
#3037=CARTESIAN_POINT('Ctrl Pts',(21.3045946200992,-21.5735920269186,18.8233132035016));
#3038=CARTESIAN_POINT('Ctrl Pts',(15.8170475209828,-16.9468366296244,-8.82331320350156));
#3039=CARTESIAN_POINT('Ctrl Pts',(15.8170475209828,-16.9468366296244,18.8233132035016));
#3040=CARTESIAN_POINT('Ctrl Pts',(13.9465141892702,-15.3697202911216,-8.82331320350156));
#3041=CARTESIAN_POINT('Ctrl Pts',(13.9465141892702,-15.3697202911216,18.8233132035016));
#3042=CARTESIAN_POINT('Ctrl Pts',(12.466671030673,-12.0329354129077,-8.82331320350156));
#3043=CARTESIAN_POINT('Ctrl Pts',(12.466671030673,-12.0329354129077,18.8233132035016));
#3044=CARTESIAN_POINT('Ctrl Pts',(11.5277383981405,-8.12226392996686,-8.82331320350156));
#3045=CARTESIAN_POINT('Ctrl Pts',(11.5277383981405,-8.12226392996686,18.8233132035016));
#3046=CARTESIAN_POINT('Ctrl Pts',(10.821602749647,6.84034803483125,-5.74568779473172E-15));
#3047=CARTESIAN_POINT('Ctrl Pts',(10.4122888178546,4.58923731081327,-5.79581429437332E-15));
#3048=CARTESIAN_POINT('Ctrl Pts',(10.3029677951333,1.96717250638887,-5.80920225842884E-15));
#3049=CARTESIAN_POINT('Ctrl Pts',(10.4538688837842,-0.711910932776159,-5.79072220490843E-15));
#3050=CARTESIAN_POINT('Origin',(-55.7387040618955,6.02970976435399,4.49999999999999));
#3051=CARTESIAN_POINT('',(-55.7387040618955,-0.744622184753039,4.49999999999999));
#3052=CARTESIAN_POINT('',(-57.7387040618955,1.44449658550452,4.49999999999999));
#3053=CARTESIAN_POINT('Ctrl Pts',(-55.7387040618955,-0.744622184753039,
4.49999999999999));
#3054=CARTESIAN_POINT('Ctrl Pts',(-57.3025949194878,-0.709701146214323,
4.49999999999999));
#3055=CARTESIAN_POINT('Ctrl Pts',(-57.7798882359454,0.125515521652117,4.49999999999999));
#3056=CARTESIAN_POINT('Ctrl Pts',(-57.7387040618955,1.44449658550452,4.49999999999999));
#3057=CARTESIAN_POINT('',(-53.7387040618955,1.44449658550452,4.49999999999999));
#3058=CARTESIAN_POINT('Ctrl Pts',(-53.7387040618955,1.44449658550452,4.49999999999999));
#3059=CARTESIAN_POINT('Ctrl Pts',(-53.6975198878457,0.125515521652117,4.49999999999999));
#3060=CARTESIAN_POINT('Ctrl Pts',(-54.1748132043033,-0.709701146214323,
4.49999999999999));
#3061=CARTESIAN_POINT('Ctrl Pts',(-55.7387040618955,-0.744622184753039,
4.49999999999998));
#3062=CARTESIAN_POINT('',(-53.7387040618955,10.9444965855045,4.49999999999999));
#3063=CARTESIAN_POINT('',(-53.7387040618955,8.48710317492925,4.49999999999999));
#3064=CARTESIAN_POINT('',(-55.7387040618955,12.781063244326,4.49999999999999));
#3065=CARTESIAN_POINT('Ctrl Pts',(-55.7387040618955,12.781063244326,4.49999999999999));
#3066=CARTESIAN_POINT('Ctrl Pts',(-54.5143957391096,12.804041713461,4.49999999999999));
#3067=CARTESIAN_POINT('Ctrl Pts',(-53.7615373952289,12.1220081121506,4.49999999999999));
#3068=CARTESIAN_POINT('Ctrl Pts',(-53.7387040618955,10.9444965855045,4.49999999999999));
#3069=CARTESIAN_POINT('',(-57.7387040618955,10.9444965855045,4.49999999999999));
#3070=CARTESIAN_POINT('Ctrl Pts',(-57.7387040618955,10.9444965855045,4.49999999999999));
#3071=CARTESIAN_POINT('Ctrl Pts',(-57.7158707285622,12.1220081121506,4.49999999999999));
#3072=CARTESIAN_POINT('Ctrl Pts',(-56.9630123846815,12.804041713461,4.49999999999999));
#3073=CARTESIAN_POINT('Ctrl Pts',(-55.7387040618955,12.781063244326,4.49999999999999));
#3074=CARTESIAN_POINT('',(-57.7387040618955,3.73710317492925,4.49999999999999));
#3075=CARTESIAN_POINT('Ctrl Pts',(-55.7387040618955,12.781063244326,-1.38969744634339E-14));
#3076=CARTESIAN_POINT('Ctrl Pts',(-55.7387040618955,12.781063244326,5.49999999999999));
#3077=CARTESIAN_POINT('Ctrl Pts',(-54.5143957391096,12.804041713461,-1.37470399365669E-14));
#3078=CARTESIAN_POINT('Ctrl Pts',(-54.5143957391096,12.804041713461,5.49999999999999));
#3079=CARTESIAN_POINT('Ctrl Pts',(-53.7615373952289,12.1220081121506,-1.36548413804624E-14));
#3080=CARTESIAN_POINT('Ctrl Pts',(-53.7615373952289,12.1220081121506,5.49999999999999));
#3081=CARTESIAN_POINT('Ctrl Pts',(-53.7387040618955,10.9444965855045,-1.36520451036044E-14));
#3082=CARTESIAN_POINT('Ctrl Pts',(-53.7387040618955,10.9444965855045,5.49999999999999));
#3083=CARTESIAN_POINT('',(-53.7387040618955,10.9444965855045,-1.36520451036044E-14));
#3084=CARTESIAN_POINT('',(-55.7387040618955,12.781063244326,-1.38969744634339E-14));
#3085=CARTESIAN_POINT('Origin',(-53.7387040618955,10.9444965855045,-1.36520451036044E-14));
#3086=CARTESIAN_POINT('',(-53.7387040618955,1.44449658550452,-1.36520451036044E-14));
#3087=CARTESIAN_POINT('Ctrl Pts',(-53.7387040618955,1.44449658550452,-1.36520451036044E-14));
#3088=CARTESIAN_POINT('Ctrl Pts',(-53.7387040618955,1.44449658550452,5.49999999999999));
#3089=CARTESIAN_POINT('Ctrl Pts',(-53.6975198878457,0.125515521652117,-1.36470014969118E-14));
#3090=CARTESIAN_POINT('Ctrl Pts',(-53.6975198878457,0.125515521652117,5.49999999999999));
#3091=CARTESIAN_POINT('Ctrl Pts',(-54.1748132043033,-0.709701146214323,
-1.37054530701372E-14));
#3092=CARTESIAN_POINT('Ctrl Pts',(-54.1748132043033,-0.709701146214323,
5.49999999999999));
#3093=CARTESIAN_POINT('Ctrl Pts',(-55.7387040618955,-0.744622184753039,
-1.38969744634339E-14));
#3094=CARTESIAN_POINT('Ctrl Pts',(-55.7387040618955,-0.744622184753039,
5.49999999999999));
#3095=CARTESIAN_POINT('',(-55.7387040618955,-0.744622184753039,-1.38969744634339E-14));
#3096=CARTESIAN_POINT('Ctrl Pts',(-57.7387040618955,10.9444965855045,-1.41419038232633E-14));
#3097=CARTESIAN_POINT('Ctrl Pts',(-57.7387040618955,10.9444965855045,5.49999999999999));
#3098=CARTESIAN_POINT('Ctrl Pts',(-57.7158707285622,12.1220081121506,-1.41391075464053E-14));
#3099=CARTESIAN_POINT('Ctrl Pts',(-57.7158707285622,12.1220081121506,5.49999999999999));
#3100=CARTESIAN_POINT('Ctrl Pts',(-56.9630123846815,12.804041713461,-1.40469089903008E-14));
#3101=CARTESIAN_POINT('Ctrl Pts',(-56.9630123846815,12.804041713461,5.49999999999999));
#3102=CARTESIAN_POINT('Ctrl Pts',(-55.7387040618955,12.781063244326,-1.38969744634339E-14));
#3103=CARTESIAN_POINT('Ctrl Pts',(-55.7387040618955,12.781063244326,5.49999999999999));
#3104=CARTESIAN_POINT('',(-57.7387040618955,10.9444965855045,-1.41419038232633E-14));
#3105=CARTESIAN_POINT('Origin',(-57.7387040618955,1.44449658550452,-1.41419038232633E-14));
#3106=CARTESIAN_POINT('',(-57.7387040618955,1.44449658550452,-1.41419038232633E-14));
#3107=CARTESIAN_POINT('Ctrl Pts',(-55.7387040618955,-0.744622184753039,
-1.38969744634339E-14));
#3108=CARTESIAN_POINT('Ctrl Pts',(-55.7387040618955,-0.744622184753039,
5.49999999999999));
#3109=CARTESIAN_POINT('Ctrl Pts',(-57.3025949194878,-0.709701146214323,
-1.40884958567305E-14));
#3110=CARTESIAN_POINT('Ctrl Pts',(-57.3025949194878,-0.709701146214323,
5.49999999999999));
#3111=CARTESIAN_POINT('Ctrl Pts',(-57.7798882359454,0.125515521652117,-1.41469474299559E-14));
#3112=CARTESIAN_POINT('Ctrl Pts',(-57.7798882359454,0.125515521652117,5.49999999999999));
#3113=CARTESIAN_POINT('Ctrl Pts',(-57.7387040618955,1.44449658550452,-1.41419038232633E-14));
#3114=CARTESIAN_POINT('Ctrl Pts',(-57.7387040618955,1.44449658550452,5.49999999999999));
#3115=CARTESIAN_POINT('Ctrl Pts',(-61.5087040618956,-0.134463995125925,
-1.46035956665419E-14));
#3116=CARTESIAN_POINT('Ctrl Pts',(-61.5087040618956,-0.134463995125925,
5.49999999999999));
#3117=CARTESIAN_POINT('Ctrl Pts',(-58.0370128060057,-0.118114040639481,
-1.41784361081265E-14));
#3118=CARTESIAN_POINT('Ctrl Pts',(-58.0370128060057,-0.118114040639481,
5.49999999999999));
#3119=CARTESIAN_POINT('Ctrl Pts',(-57.8485102605708,-1.04720594228996,-1.41553512042367E-14));
#3120=CARTESIAN_POINT('Ctrl Pts',(-57.8485102605708,-1.04720594228996,5.49999999999999));
#3121=CARTESIAN_POINT('Ctrl Pts',(-55.8012458836159,-3.81722336063872,-1.39046336276121E-14));
#3122=CARTESIAN_POINT('Ctrl Pts',(-55.8012458836159,-3.81722336063872,5.49999999999999));
#3123=CARTESIAN_POINT('',(-61.5087040618956,-0.134463995125925,-1.46035956665419E-14));
#3124=CARTESIAN_POINT('',(-61.5087040618956,-0.134463995125925,-1.46035956665419E-14));
#3125=CARTESIAN_POINT('Ctrl Pts',(-61.5087040618956,-0.134463995125925,
-1.46035956665419E-14));
#3126=CARTESIAN_POINT('Ctrl Pts',(-58.0370128060057,-0.118114040639481,
-1.41784361081265E-14));
#3127=CARTESIAN_POINT('Ctrl Pts',(-57.8485102605708,-1.04720594228996,-1.41553512042367E-14));
#3128=CARTESIAN_POINT('Ctrl Pts',(-55.8012458836159,-3.81722336063872,-1.39046336276121E-14));
#3129=CARTESIAN_POINT('Origin',(-61.5087040618956,13.3655360048741,-1.46035956665419E-14));
#3130=CARTESIAN_POINT('',(-61.5087040618956,13.3655360048741,-1.46035956665419E-14));
#3131=CARTESIAN_POINT('Origin',(-28.8175707018479,-3.34770061958483,-1.08122992905757E-14));
#3132=UNCERTAINTY_MEASURE_WITH_UNIT(LENGTH_MEASURE(0.01),#3136,
'DISTANCE_ACCURACY_VALUE',
'Maximum model space distance between geometric entities at asserted c
onnectivities');
#3133=UNCERTAINTY_MEASURE_WITH_UNIT(LENGTH_MEASURE(0.01),#3136,
'DISTANCE_ACCURACY_VALUE',
'Maximum model space distance between geometric entities at asserted c
onnectivities');
#3134=(
GEOMETRIC_REPRESENTATION_CONTEXT(3)
GLOBAL_UNCERTAINTY_ASSIGNED_CONTEXT((#3132))
GLOBAL_UNIT_ASSIGNED_CONTEXT((#3136,#3138,#3139))
REPRESENTATION_CONTEXT('','3D')
);
#3135=(
GEOMETRIC_REPRESENTATION_CONTEXT(3)
GLOBAL_UNCERTAINTY_ASSIGNED_CONTEXT((#3133))
GLOBAL_UNIT_ASSIGNED_CONTEXT((#3136,#3138,#3139))
REPRESENTATION_CONTEXT('','3D')
);
#3136=(
LENGTH_UNIT()
NAMED_UNIT(*)
SI_UNIT(.MILLI.,.METRE.)
);
#3137=(
LENGTH_UNIT()
NAMED_UNIT(*)
SI_UNIT($,.METRE.)
);
#3138=(
NAMED_UNIT(*)
PLANE_ANGLE_UNIT()
SI_UNIT($,.RADIAN.)
);
#3139=(
NAMED_UNIT(*)
SI_UNIT($,.STERADIAN.)
SOLID_ANGLE_UNIT()
);
#3140=SHAPE_DEFINITION_REPRESENTATION(#3141,#3142);
#3141=PRODUCT_DEFINITION_SHAPE('',$,#3144);
#3142=SHAPE_REPRESENTATION('',(#1348),#3134);
#3143=PRODUCT_DEFINITION_CONTEXT('part definition',#3148,'design');
#3144=PRODUCT_DEFINITION('2026-06-11-00-03-25-319','Model-Demo',#3145,#3143);
#3145=PRODUCT_DEFINITION_FORMATION('',$,#3150);
#3146=PRODUCT_RELATED_PRODUCT_CATEGORY('Model-Demo','Model-Demo',(#3150));
#3147=APPLICATION_PROTOCOL_DEFINITION('international standard',
'automotive_design',2009,#3148);
#3148=APPLICATION_CONTEXT(
'Core Data for Automotive Mechanical Design Process');
#3149=PRODUCT_CONTEXT('part definition',#3148,'mechanical');
#3150=PRODUCT('2026-06-11-00-03-25-319','Model-Demo',$,(#3149));
#3151=PRESENTATION_STYLE_ASSIGNMENT((#3152));
#3152=SURFACE_STYLE_USAGE(.BOTH.,#3153);
#3153=SURFACE_SIDE_STYLE('',(#3154));
#3154=SURFACE_STYLE_FILL_AREA(#3155);
#3155=FILL_AREA_STYLE('Steel - Satin',(#3156));
#3156=FILL_AREA_STYLE_COLOUR('Steel - Satin',#3157);
#3157=COLOUR_RGB('Steel - Satin',0.627450980392157,0.627450980392157,0.627450980392157);
ENDSEC;
END-ISO-10303-21;
